user_id,timestamp,event_type,duration_seconds,watched_duration,total_duration,content_id,episode_number,watched_seconds,total_seconds,user_rating
user_041,2024-02-05 07:14:00,play,1443,1186,1862,content_015,1,1186,1862,3.7
user_035,2024-02-24 01:01:00,error,251,80,1203,content_012,1,80,1203,3.0
user_002,2024-03-24 22:34:00,pause,919,316,2758,content_072,1,316,2758,3.4
user_001,2024-03-30 13:21:00,pause,629,141,1510,content_098,1,141,1510,4.8
user_022,2024-02-18 03:22:00,play,3117,2018,6422,content_014,1,2018,6422,1.2
user_030,2024-02-18 02:35:00,play,2701,2508,5275,content_069,1,2508,5275,3.5
user_024,2024-03-31 02:02:00,pause,1414,374,4580,content_074,1,374,4580,2.2
user_006,2024-02-18 08:29:00,play,5507,5068,7001,content_030,1,5068,7001,1.7
user_023,2024-03-30 21:41:00,stop,206,63,2393,content_027,1,63,2393,3.9
user_011,2024-02-04 20:44:00,buffer,1200,344,4004,content_060,1,344,4004,2.3
user_050,2024-01-30 01:51:00,play,2884,1686,3980,content_100,1,1686,3980,1.3
user_037,2024-01-28 20:31:00,stop,870,556,1455,content_092,1,556,1455,2.1
user_016,2024-03-09 08:47:00,error,1257,563,3647,content_096,1,563,3647,2.6
user_015,2024-03-04 02:48:00,error,156,29,782,content_018,1,29,782,3.5
user_044,2024-01-09 12:24:00,error,1280,607,3447,content_055,1,607,3447,2.0
user_036,2024-03-28 17:48:00,play,2485,2319,5110,content_002,1,2319,5110,2.4
user_019,2024-02-28 00:46:00,pause,1533,692,3583,content_056,1,692,3583,4.0
user_033,2024-03-22 16:38:00,stop,467,124,1998,content_014,1,124,1998,4.1
user_035,2024-01-01 19:20:00,error,1060,125,1518,content_100,1,125,1518,4.7
user_020,2024-01-31 18:05:00,play,1001,797,4343,content_031,1,797,4343,1.3
user_049,2024-01-17 21:30:00,pause,1185,287,2270,content_069,1,287,2270,3.1
user_039,2024-03-10 23:44:00,pause,471,206,2105,content_055,1,206,2105,5.0
user_042,2024-03-07 14:07:00,buffer,567,171,829,content_048,1,171,829,2.4
user_038,2024-03-16 07:00:00,pause,205,35,1142,content_071,1,35,1142,1.3
user_003,2024-03-06 07:17:00,play,5780,3722,6657,content_043,1,3722,6657,3.2
user_047,2024-03-01 07:50:00,error,1028,518,1807,content_074,1,518,1807,1.4
user_043,2024-02-24 13:29:00,stop,1553,265,4311,content_056,1,265,4311,3.6
user_042,2024-02-21 23:21:00,play,6858,2952,7876,content_013,1,2952,7876,1.8
user_035,2024-02-24 05:17:00,pause,1007,355,4588,content_058,1,355,4588,4.7
user_029,2024-01-07 20:34:00,play,7148,2264,7530,content_071,1,2264,7530,4.7
user_016,2024-03-03 15:13:00,buffer,881,148,1555,content_022,1,148,1555,2.5
user_025,2024-02-06 13:44:00,buffer,1556,1151,2190,content_034,1,1151,2190,1.8
user_014,2024-03-10 01:47:00,error,702,99,907,content_008,1,99,907,3.3
user_033,2024-01-08 16:05:00,pause,440,79,2877,content_068,1,79,2877,1.3
user_016,2024-03-13 07:37:00,play,5170,1713,7706,content_052,1,1713,7706,1.3
user_043,2024-03-07 10:59:00,error,594,163,3337,content_075,1,163,3337,3.9
user_016,2024-01-17 21:41:00,buffer,674,301,1969,content_034,1,301,1969,4.7
user_005,2024-03-20 18:06:00,buffer,210,158,1083,content_002,1,158,1083,3.0
user_009,2024-02-01 11:18:00,play,1592,1374,5007,content_045,1,1374,5007,3.2
user_020,2024-01-02 21:52:00,error,1195,425,3912,content_079,1,425,3912,1.4
user_009,2024-01-14 23:35:00,play,1573,1028,2727,content_034,1,1028,2727,3.4
user_046,2024-03-28 20:54:00,pause,600,318,2601,content_044,1,318,2601,2.0
user_004,2024-02-05 01:00:00,buffer,743,207,3352,content_012,1,207,3352,4.9
user_011,2024-03-11 22:27:00,buffer,1208,129,1666,content_095,1,129,1666,1.3
user_045,2024-01-05 11:37:00,error,1191,270,2951,content_020,1,270,2951,1.5
user_020,2024-02-15 06:43:00,play,2344,2068,2765,content_047,1,2068,2765,2.4
user_036,2024-01-20 07:55:00,error,392,129,2080,content_053,1,129,2080,1.1
user_048,2024-03-26 23:51:00,buffer,568,192,1220,content_043,1,192,1220,4.1
user_007,2024-03-01 07:12:00,play,6989,5866,8421,content_049,1,5866,8421,2.2
user_015,2024-03-25 06:25:00,play,2989,2037,6529,content_029,1,2037,6529,1.3
user_050,2024-03-23 16:25:00,stop,1451,1149,4906,content_036,1,1149,4906,3.1
user_002,2024-01-23 18:16:00,stop,138,26,2581,content_015,1,26,2581,2.7
user_047,2024-03-18 16:07:00,buffer,848,674,1626,content_041,1,674,1626,2.0
user_046,2024-03-07 17:43:00,play,6193,3471,7684,content_056,1,3471,7684,2.7
user_043,2024-02-10 21:54:00,error,315,215,1545,content_043,1,215,1545,3.0
user_043,2024-02-21 22:18:00,stop,1195,249,1980,content_053,1,249,1980,2.7
user_025,2024-03-19 18:19:00,pause,891,650,4305,content_087,1,650,4305,1.0
user_019,2024-03-15 19:41:00,buffer,719,309,2528,content_027,1,309,2528,2.8
user_014,2024-01-22 21:05:00,buffer,641,327,3360,content_066,1,327,3360,3.5
user_022,2024-03-27 09:14:00,pause,1711,578,2314,content_012,1,578,2314,1.1
user_016,2024-01-10 14:26:00,error,1349,723,2145,content_061,1,723,2145,3.9
user_025,2024-02-01 04:41:00,buffer,1468,157,4543,content_064,1,157,4543,4.4
user_007,2024-01-29 05:51:00,buffer,1485,1099,1690,content_100,1,1099,1690,3.2
user_008,2024-02-29 21:33:00,pause,1204,729,2503,content_059,1,729,2503,4.8
user_029,2024-02-24 17:28:00,error,385,281,2228,content_079,1,281,2228,2.0
user_016,2024-03-07 15:40:00,stop,549,194,2350,content_082,1,194,2350,1.3
user_019,2024-02-12 10:57:00,stop,1166,198,1732,content_031,1,198,1732,1.6
user_025,2024-03-31 06:04:00,pause,909,507,2264,content_089,1,507,2264,3.2
user_027,2024-02-23 12:57:00,pause,1636,203,5145,content_008,1,203,5145,4.5
user_037,2024-01-01 11:19:00,buffer,1603,958,5098,content_049,1,958,5098,4.6
user_027,2024-03-18 07:31:00,error,509,189,2294,content_069,1,189,2294,2.9
user_025,2024-01-22 14:58:00,buffer,321,191,2508,content_044,1,191,2508,1.1
user_026,2024-03-25 00:05:00,error,1376,575,1931,content_076,1,575,1931,4.5
user_012,2024-02-18 10:13:00,stop,991,433,2373,content_007,1,433,2373,4.0
user_025,2024-02-02 02:30:00,buffer,99,78,312,content_036,1,78,312,5.0
user_023,2024-03-24 01:48:00,play,554,292,1370,content_029,1,292,1370,4.4
user_040,2024-01-17 15:42:00,pause,294,173,1186,content_020,1,173,1186,2.9
user_017,2024-01-22 19:38:00,stop,1591,393,4776,content_099,1,393,4776,4.3
user_020,2024-01-04 09:36:00,error,1447,1073,2984,content_014,1,1073,2984,2.6
user_046,2024-03-16 22:53:00,play,5438,2625,5855,content_026,1,2625,5855,3.8
user_020,2024-01-16 18:50:00,error,144,58,2326,content_088,1,58,2326,2.7
user_024,2024-03-23 10:00:00,error,1799,1039,5167,content_009,1,1039,5167,3.0
user_028,2024-03-31 04:27:00,buffer,420,309,3084,content_047,1,309,3084,2.1
user_035,2024-02-29 13:52:00,buffer,1557,704,2877,content_100,1,704,2877,4.4
user_006,2024-02-01 14:36:00,buffer,1309,814,2861,content_036,1,814,2861,2.3
user_032,2024-03-03 06:22:00,pause,1693,698,3087,content_042,1,698,3087,2.1
user_039,2024-03-12 00:33:00,stop,451,88,1439,content_090,1,88,1439,3.9
user_032,2024-03-29 15:41:00,pause,1517,1156,3352,content_072,1,1156,3352,4.2
user_006,2024-02-21 22:15:00,pause,687,407,3069,content_038,1,407,3069,2.5
user_036,2024-02-24 23:35:00,stop,737,433,3615,content_068,1,433,3615,2.8
user_020,2024-01-16 23:12:00,pause,706,131,3748,content_033,1,131,3748,3.1
user_049,2024-01-25 06:47:00,pause,1051,388,4018,content_089,1,388,4018,3.4
user_049,2024-02-06 03:53:00,error,457,196,1388,content_068,1,196,1388,2.4
user_020,2024-01-17 08:02:00,error,171,87,1367,content_002,1,87,1367,3.8
user_009,2024-01-14 00:36:00,buffer,642,304,2602,content_082,1,304,2602,2.8
user_012,2024-03-02 03:52:00,stop,193,121,2207,content_007,1,121,2207,1.3
user_041,2024-01-20 04:51:00,play,4910,2717,5258,content_088,1,2717,5258,5.0
user_008,2024-03-18 19:50:00,buffer,1326,363,4503,content_072,1,363,4503,3.1
user_029,2024-03-16 13:19:00,stop,1224,757,1470,content_057,1,757,1470,3.4
user_048,2024-03-21 06:16:00,pause,1412,224,2055,content_013,1,224,2055,2.0
user_036,2024-01-01 13:28:00,pause,1471,1109,2663,content_010,1,1109,2663,1.1
user_019,2024-03-30 14:04:00,stop,1467,624,2550,content_091,1,624,2550,4.2
user_041,2024-02-24 03:34:00,pause,520,383,1130,content_076,1,383,1130,4.6
user_010,2024-01-22 09:38:00,play,6435,4294,8233,content_010,1,4294,8233,1.5
user_045,2024-02-04 16:34:00,buffer,1071,555,1400,content_039,1,555,1400,3.4
user_028,2024-03-18 08:01:00,stop,247,82,3008,content_095,1,82,3008,4.3
user_037,2024-03-27 08:36:00,play,629,578,3726,content_076,1,578,3726,1.7
user_034,2024-02-05 05:37:00,buffer,952,745,4287,content_084,1,745,4287,3.0
user_006,2024-02-22 10:20:00,stop,1432,250,4945,content_061,1,250,4945,1.6
user_027,2024-02-06 21:25:00,buffer,1726,1298,1876,content_089,1,1298,1876,2.8
user_021,2024-01-15 12:55:00,stop,1113,112,3806,content_033,1,112,3806,4.5
user_030,2024-01-25 16:23:00,play,5400,4718,7441,content_053,1,4718,7441,3.5
user_049,2024-02-04 17:08:00,pause,649,288,3509,content_007,1,288,3509,2.9
user_002,2024-01-31 22:10:00,error,696,351,752,content_081,1,351,752,3.2
user_006,2024-02-29 03:41:00,play,7116,3395,9157,content_029,1,3395,9157,4.7
user_019,2024-02-23 15:30:00,stop,559,288,2816,content_066,1,288,2816,1.6
user_013,2024-01-18 02:17:00,error,1642,1013,3034,content_077,1,1013,3034,4.7
user_033,2024-02-06 23:19:00,play,7160,6956,9535,content_035,1,6956,9535,5.0
user_032,2024-03-09 15:22:00,buffer,740,460,2605,content_020,1,460,2605,4.7
user_013,2024-03-14 12:14:00,pause,1648,1005,1826,content_090,1,1005,1826,2.3
user_031,2024-02-19 21:50:00,buffer,1740,485,3768,content_091,1,485,3768,4.9
user_009,2024-02-12 03:55:00,error,1790,1080,2198,content_065,1,1080,2198,3.1
user_030,2024-02-22 20:09:00,pause,213,141,3414,content_002,1,141,3414,4.9
user_022,2024-03-24 02:54:00,buffer,732,462,2029,content_080,1,462,2029,3.5
user_049,2024-01-05 19:04:00,error,540,377,3343,content_063,1,377,3343,4.7
user_015,2024-02-25 03:48:00,play,5491,4530,9065,content_096,1,4530,9065,1.4
user_011,2024-01-04 01:20:00,stop,1690,283,2891,content_089,1,283,2891,2.4
user_028,2024-03-08 13:36:00,pause,1456,956,2193,content_019,1,956,2193,1.7
user_006,2024-03-20 21:15:00,buffer,1079,704,1665,content_079,1,704,1665,1.9
user_041,2024-02-02 21:00:00,buffer,1707,1122,2885,content_033,1,1122,2885,3.7
user_011,2024-02-14 18:19:00,buffer,1368,570,4195,content_010,1,570,4195,2.0
user_020,2024-03-02 03:15:00,buffer,841,669,2311,content_026,1,669,2311,3.3
user_045,2024-03-25 12:17:00,play,366,134,2849,content_038,1,134,2849,4.0
user_019,2024-03-18 11:14:00,pause,1363,330,3906,content_100,1,330,3906,2.0
user_049,2024-03-21 03:57:00,pause,1345,795,1506,content_093,1,795,1506,2.2
user_029,2024-02-16 23:08:00,error,244,99,1582,content_005,1,99,1582,4.0
user_012,2024-03-10 11:33:00,pause,1087,387,4488,content_026,1,387,4488,1.7
user_031,2024-01-15 14:04:00,stop,348,227,1272,content_038,1,227,1272,4.4
user_047,2024-03-12 11:05:00,buffer,1679,975,1736,content_087,1,975,1736,2.1
user_008,2024-03-27 23:43:00,stop,596,358,2156,content_059,1,358,2156,4.3
user_024,2024-03-01 00:39:00,pause,1209,455,3707,content_014,1,455,3707,1.9
user_005,2024-03-30 09:41:00,buffer,896,208,1468,content_082,1,208,1468,1.2
user_003,2024-01-15 03:15:00,buffer,1160,254,2751,content_039,1,254,2751,2.8
user_043,2024-02-23 18:47:00,error,1548,470,3247,content_096,1,470,3247,3.6
user_032,2024-02-05 01:44:00,buffer,818,303,2634,content_079,1,303,2634,2.8
user_016,2024-03-28 11:34:00,play,5582,3143,5830,content_047,1,3143,5830,2.6
user_013,2024-01-12 21:13:00,buffer,1374,791,3819,content_016,1,791,3819,4.9
user_004,2024-01-17 18:13:00,pause,200,73,2601,content_043,1,73,2601,1.9
user_015,2024-03-17 00:17:00,pause,356,68,2568,content_043,1,68,2568,2.0
user_012,2024-01-17 00:22:00,play,6771,3980,9182,content_015,1,3980,9182,2.3
user_012,2024-01-17 23:26:00,play,4609,1847,7663,content_034,1,1847,7663,1.3
user_029,2024-03-06 18:06:00,stop,985,613,1892,content_100,1,613,1892,4.8
user_003,2024-02-08 14:41:00,error,123,19,2084,content_094,1,19,2084,4.4
user_028,2024-03-03 22:58:00,play,3933,1480,4263,content_088,1,1480,4263,2.3
user_010,2024-02-05 19:40:00,pause,1258,686,4174,content_009,1,686,4174,2.3
user_039,2024-02-28 16:38:00,stop,941,195,4189,content_068,1,195,4189,3.8
user_042,2024-01-28 13:28:00,error,527,263,1915,content_084,1,263,1915,4.3
user_026,2024-02-10 13:20:00,play,5748,2768,7281,content_054,1,2768,7281,4.8
user_044,2024-01-12 02:05:00,play,3837,1546,6886,content_061,1,1546,6886,4.0
user_009,2024-03-16 17:35:00,play,3000,1400,4682,content_072,1,1400,4682,2.4
user_043,2024-01-07 09:38:00,buffer,699,249,1123,content_097,1,249,1123,3.3
user_014,2024-01-29 03:22:00,buffer,1791,1318,3296,content_020,1,1318,3296,1.5
user_018,2024-02-24 17:49:00,pause,1736,1313,1843,content_074,1,1313,1843,3.4
user_043,2024-01-04 05:17:00,stop,1499,781,2890,content_089,1,781,2890,2.4
user_012,2024-03-25 12:04:00,error,350,224,2943,content_019,1,224,2943,4.9
user_006,2024-01-28 12:26:00,error,989,447,1633,content_096,1,447,1633,2.5
user_047,2024-03-17 02:56:00,error,167,35,811,content_042,1,35,811,4.0
user_004,2024-02-04 14:42:00,play,3773,3120,6259,content_087,1,3120,6259,2.8
user_018,2024-01-15 11:27:00,error,287,100,3064,content_028,1,100,3064,3.7
user_032,2024-01-06 07:25:00,stop,1287,184,1318,content_068,1,184,1318,1.8
user_014,2024-02-02 09:20:00,pause,305,31,2342,content_099,1,31,2342,4.0
user_012,2024-03-09 22:14:00,buffer,1084,680,4497,content_017,1,680,4497,3.7
user_023,2024-01-06 13:01:00,buffer,1001,179,4532,content_010,1,179,4532,2.3
user_028,2024-03-31 20:26:00,buffer,652,123,2311,content_074,1,123,2311,1.1
user_021,2024-02-28 22:58:00,error,801,170,2589,content_022,1,170,2589,4.4
user_016,2024-02-21 16:05:00,error,870,404,3924,content_056,1,404,3924,2.4
user_022,2024-01-10 16:40:00,pause,293,164,2381,content_100,1,164,2381,1.8
user_050,2024-03-23 04:15:00,stop,270,64,1318,content_045,1,64,1318,1.8
user_039,2024-01-23 20:31:00,play,4100,3539,7212,content_020,1,3539,7212,3.3
user_044,2024-02-11 20:20:00,error,369,261,648,content_073,1,261,648,2.9
user_041,2024-03-16 01:22:00,stop,1099,184,2370,content_039,1,184,2370,2.8
user_003,2024-02-06 02:41:00,stop,244,181,2677,content_008,1,181,2677,3.0
user_030,2024-01-06 14:58:00,error,1718,1341,4387,content_075,1,1341,4387,1.8
user_039,2024-01-20 01:28:00,error,271,114,3196,content_061,1,114,3196,1.3
user_042,2024-02-01 22:28:00,play,3899,3315,6040,content_023,1,3315,6040,3.4
user_024,2024-02-19 13:49:00,stop,752,128,3984,content_048,1,128,3984,3.5
user_022,2024-01-13 17:43:00,stop,851,375,1883,content_009,1,375,1883,3.9
user_043,2024-02-12 02:37:00,pause,1419,285,2851,content_078,1,285,2851,2.2
user_042,2024-01-17 19:45:00,buffer,233,102,2522,content_090,1,102,2522,2.5
user_022,2024-01-12 20:42:00,error,927,612,2409,content_017,1,612,2409,1.1
user_020,2024-02-13 15:12:00,pause,523,122,1157,content_024,1,122,1157,1.3
user_007,2024-03-08 01:42:00,error,749,208,3195,content_065,1,208,3195,2.5
user_011,2024-01-22 23:28:00,error,149,66,1641,content_024,1,66,1641,3.7
user_016,2024-02-06 23:50:00,error,979,336,3166,content_057,1,336,3166,2.0
user_031,2024-03-27 18:28:00,stop,1005,388,4192,content_025,1,388,4192,2.5
user_034,2024-01-26 19:08:00,pause,572,83,3198,content_054,1,83,3198,2.9
user_024,2024-03-07 03:18:00,play,987,460,2104,content_071,1,460,2104,2.8
user_033,2024-01-12 07:52:00,buffer,983,455,1092,content_019,1,455,1092,2.7
user_026,2024-01-31 12:05:00,stop,827,311,942,content_065,1,311,942,2.3
user_007,2024-01-19 04:02:00,stop,647,488,2582,content_092,1,488,2582,3.8
user_009,2024-02-27 19:00:00,buffer,222,26,1270,content_098,1,26,1270,1.9
user_010,2024-03-08 13:07:00,error,1649,754,2622,content_071,1,754,2622,2.2
user_004,2024-03-22 19:29:00,buffer,188,46,3615,content_031,1,46,3615,4.6
user_039,2024-03-21 16:36:00,play,2281,2155,2869,content_069,1,2155,2869,2.2
user_001,2024-01-31 18:26:00,stop,443,87,2587,content_079,1,87,2587,4.9
user_005,2024-03-05 16:35:00,error,101,59,3678,content_068,1,59,3678,2.9
user_041,2024-02-02 23:01:00,stop,791,148,2203,content_050,1,148,2203,2.0
user_043,2024-03-15 23:48:00,play,3023,1452,3204,content_081,1,1452,3204,2.4
user_022,2024-03-28 14:44:00,pause,1040,750,1786,content_083,1,750,1786,4.2
user_005,2024-01-05 09:12:00,buffer,149,115,966,content_092,1,115,966,4.5
user_021,2024-02-20 17:30:00,error,578,75,3663,content_040,1,75,3663,3.6
user_019,2024-03-24 10:17:00,play,1319,1213,2826,content_046,1,1213,2826,2.7
user_026,2024-02-19 10:11:00,buffer,1076,815,3113,content_096,1,815,3113,2.5
user_034,2024-02-24 02:27:00,play,5235,4938,5974,content_035,1,4938,5974,3.2
user_021,2024-02-11 21:18:00,play,2810,1756,5278,content_014,1,1756,5278,3.9
user_011,2024-02-14 14:02:00,buffer,1548,876,4066,content_089,1,876,4066,5.0
user_018,2024-01-10 21:40:00,play,3627,2576,5728,content_082,1,2576,5728,4.2
user_044,2024-01-19 19:43:00,play,6700,5599,6842,content_021,1,5599,6842,1.5
user_016,2024-02-16 12:36:00,stop,126,89,754,content_100,1,89,754,3.7
user_024,2024-01-10 18:08:00,buffer,1144,489,2774,content_048,1,489,2774,2.3
user_018,2024-01-04 23:11:00,play,4388,3436,5973,content_032,1,3436,5973,4.7
user_008,2024-03-31 14:13:00,stop,1313,423,4155,content_034,1,423,4155,4.7
user_032,2024-01-18 02:28:00,play,1714,1425,2073,content_026,1,1425,2073,4.2
user_021,2024-03-31 02:35:00,stop,1170,414,2398,content_086,1,414,2398,4.4
user_046,2024-02-16 16:14:00,pause,308,81,3552,content_091,1,81,3552,1.6
user_032,2024-03-11 18:23:00,stop,1017,665,1548,content_004,1,665,1548,3.4
user_006,2024-02-20 22:46:00,stop,1040,642,2722,content_009,1,642,2722,4.1
user_037,2024-02-10 20:04:00,pause,981,575,3766,content_010,1,575,3766,3.1
user_009,2024-03-22 18:11:00,error,1632,427,3404,content_100,1,427,3404,3.0
user_004,2024-01-20 09:10:00,error,391,204,3296,content_016,1,204,3296,1.9
user_034,2024-02-02 06:40:00,play,4812,2567,5324,content_037,1,2567,5324,3.5
user_040,2024-03-05 20:10:00,play,5148,3922,5779,content_069,1,3922,5779,1.7
user_040,2024-02-13 18:02:00,error,1750,233,2082,content_093,1,233,2082,1.2
user_042,2024-02-03 20:13:00,error,1630,1016,4161,content_099,1,1016,4161,3.6
user_032,2024-02-07 20:19:00,error,1049,354,4345,content_081,1,354,4345,4.2
user_026,2024-01-10 22:03:00,buffer,383,263,2085,content_039,1,263,2085,2.9
user_014,2024-01-19 10:55:00,error,1531,806,4538,content_044,1,806,4538,5.0
user_023,2024-02-17 16:35:00,pause,277,108,1267,content_052,1,108,1267,2.9
user_018,2024-01-19 03:03:00,pause,654,261,4193,content_058,1,261,4193,3.5
user_016,2024-03-14 23:20:00,stop,448,125,2488,content_021,1,125,2488,5.0
user_030,2024-03-04 00:05:00,stop,865,603,2737,content_064,1,603,2737,4.9
user_014,2024-01-07 01:18:00,stop,1073,718,4525,content_075,1,718,4525,3.6
user_031,2024-01-02 03:27:00,error,334,258,1417,content_037,1,258,1417,3.9
user_049,2024-01-06 12:03:00,stop,1227,697,2024,content_052,1,697,2024,2.5
user_019,2024-03-05 14:48:00,buffer,1186,404,4566,content_010,1,404,4566,5.0
user_044,2024-01-17 03:25:00,play,3357,2395,5641,content_079,1,2395,5641,4.8
user_049,2024-03-18 16:25:00,pause,1084,149,1269,content_019,1,149,1269,1.2
user_046,2024-03-07 14:09:00,buffer,1301,657,1873,content_043,1,657,1873,2.3
user_040,2024-02-20 19:47:00,pause,1785,790,4216,content_041,1,790,4216,2.3
user_033,2024-03-31 18:19:00,buffer,1032,120,2540,content_069,1,120,2540,2.3
user_008,2024-02-09 23:55:00,error,1469,200,3913,content_054,1,200,3913,2.9
user_042,2024-03-14 07:46:00,error,165,90,2132,content_100,1,90,2132,1.7
user_041,2024-02-18 04:52:00,error,1454,393,1583,content_093,1,393,1583,3.3
user_045,2024-01-03 14:20:00,pause,917,246,2608,content_015,1,246,2608,3.8
user_027,2024-03-01 23:46:00,error,187,53,2311,content_065,1,53,2311,1.8
user_021,2024-03-08 12:20:00,buffer,414,276,2597,content_085,1,276,2597,2.4
user_023,2024-03-19 15:12:00,stop,564,198,2849,content_087,1,198,2849,2.2
user_020,2024-03-31 06:44:00,stop,1503,1151,2801,content_099,1,1151,2801,2.9
user_036,2024-02-06 03:36:00,stop,1445,700,3000,content_093,1,700,3000,4.6
user_026,2024-02-07 01:18:00,pause,1522,313,2940,content_045,1,313,2940,4.7
user_042,2024-01-28 06:52:00,buffer,1163,393,3465,content_033,1,393,3465,3.8
user_009,2024-03-16 07:15:00,error,163,101,2338,content_014,1,101,2338,1.9
user_015,2024-02-22 10:45:00,play,4169,1661,6959,content_007,1,1661,6959,4.1
user_001,2024-02-22 20:59:00,pause,1034,591,3698,content_071,1,591,3698,1.8
user_019,2024-03-23 01:58:00,stop,1634,346,4305,content_042,1,346,4305,3.3
user_035,2024-01-23 13:56:00,play,7161,3588,7309,content_095,1,3588,7309,5.0
user_026,2024-02-07 01:00:00,pause,671,357,3139,content_064,1,357,3139,1.4
user_022,2024-03-23 17:33:00,buffer,1071,244,4556,content_037,1,244,4556,3.0
user_018,2024-02-12 05:46:00,play,4059,3872,5112,content_025,1,3872,5112,3.9
user_001,2024-02-07 18:43:00,stop,1610,556,2328,content_095,1,556,2328,3.4
user_041,2024-03-06 10:05:00,buffer,880,185,1636,content_052,1,185,1636,4.9
user_031,2024-01-01 08:24:00,pause,542,282,3629,content_042,1,282,3629,2.1
user_022,2024-03-14 00:16:00,error,1398,507,4235,content_039,1,507,4235,1.9
user_043,2024-02-09 05:25:00,buffer,1465,782,4292,content_016,1,782,4292,1.5
user_019,2024-01-29 07:08:00,error,1039,259,2902,content_048,1,259,2902,4.0
user_039,2024-03-30 17:58:00,buffer,1024,652,4308,content_048,1,652,4308,3.7
user_014,2024-03-28 19:55:00,pause,1672,334,3824,content_098,1,334,3824,2.8
user_046,2024-03-13 03:03:00,play,7089,6612,9159,content_047,1,6612,9159,1.8
user_035,2024-02-11 16:28:00,pause,298,203,1139,content_020,1,203,1139,3.9
user_032,2024-02-27 01:29:00,error,330,164,2031,content_012,1,164,2031,2.8
user_004,2024-03-27 09:46:00,buffer,104,60,1146,content_072,1,60,1146,4.3
user_048,2024-01-10 01:27:00,error,765,141,2981,content_028,1,141,2981,5.0
user_005,2024-02-06 13:11:00,play,6599,3088,9735,content_061,1,3088,9735,3.6
user_047,2024-02-17 12:28:00,buffer,833,467,1161,content_083,1,467,1161,3.7
user_043,2024-03-24 11:07:00,pause,425,317,2034,content_070,1,317,2034,3.1
user_047,2024-01-03 09:29:00,play,5817,4690,8047,content_029,1,4690,8047,2.7
user_025,2024-02-28 11:09:00,pause,624,158,4208,content_030,1,158,4208,3.9
user_008,2024-03-19 00:15:00,buffer,482,82,895,content_005,1,82,895,3.4
user_029,2024-02-01 23:02:00,play,3595,2875,4554,content_077,1,2875,4554,3.2
user_049,2024-01-18 16:18:00,play,2218,2163,4577,content_100,1,2163,4577,2.3
user_039,2024-01-31 09:56:00,stop,353,204,2488,content_099,1,204,2488,1.9
user_020,2024-03-12 18:56:00,play,6322,3330,8886,content_036,1,3330,8886,3.7
user_036,2024-02-14 20:42:00,play,3422,3174,4727,content_064,1,3174,4727,3.8
user_027,2024-02-18 05:48:00,stop,1161,600,2148,content_020,1,600,2148,4.4
user_020,2024-02-29 01:35:00,pause,905,516,3187,content_091,1,516,3187,3.1
user_025,2024-01-27 10:41:00,stop,221,137,3690,content_032,1,137,3690,2.5
user_035,2024-01-07 08:24:00,pause,1439,762,3908,content_093,1,762,3908,1.2
user_005,2024-03-26 17:13:00,error,1041,317,4602,content_025,1,317,4602,4.6
user_020,2024-01-25 23:07:00,pause,1589,1138,2582,content_002,1,1138,2582,3.8
user_046,2024-01-31 17:20:00,buffer,1648,743,3207,content_027,1,743,3207,2.9
user_042,2024-02-03 11:32:00,stop,1078,584,1481,content_046,1,584,1481,4.2
user_047,2024-01-27 11:20:00,stop,907,136,3211,content_061,1,136,3211,4.5
user_048,2024-02-03 17:59:00,play,5084,3897,8033,content_019,1,3897,8033,2.7
user_010,2024-01-30 12:36:00,stop,1766,679,3811,content_026,1,679,3811,3.2
user_044,2024-03-03 23:41:00,stop,1574,1161,3461,content_044,1,1161,3461,1.7
user_023,2024-03-10 15:11:00,pause,1170,774,1410,content_022,1,774,1410,3.1
user_005,2024-01-01 13:08:00,play,5466,2586,5744,content_086,1,2586,5744,3.8
user_001,2024-02-28 11:03:00,error,1325,785,4056,content_028,1,785,4056,4.7
user_031,2024-01-03 00:34:00,buffer,1189,539,1237,content_085,1,539,1237,1.1
user_047,2024-02-06 00:32:00,error,1725,1053,5027,content_036,1,1053,5027,4.8
user_012,2024-03-08 04:15:00,play,1872,1830,4028,content_014,1,1830,4028,2.0
user_023,2024-01-11 11:25:00,buffer,1000,678,1996,content_035,1,678,1996,5.0
user_015,2024-03-24 20:48:00,play,559,214,2219,content_039,1,214,2219,2.5
user_036,2024-03-22 00:44:00,play,1703,679,3750,content_061,1,679,3750,4.4
user_042,2024-01-13 16:58:00,error,147,43,1012,content_043,1,43,1012,4.6
user_045,2024-02-04 01:59:00,buffer,212,92,2436,content_073,1,92,2436,3.3
user_003,2024-01-03 06:37:00,stop,355,227,3716,content_023,1,227,3716,3.9
user_026,2024-01-21 18:15:00,stop,1220,976,4699,content_010,1,976,4699,2.6
user_035,2024-01-18 22:46:00,buffer,220,150,3273,content_043,1,150,3273,4.9
user_004,2024-01-30 02:21:00,buffer,1299,916,3813,content_013,1,916,3813,4.8
user_026,2024-01-04 20:17:00,stop,1664,1088,3673,content_100,1,1088,3673,1.9
user_036,2024-01-24 21:37:00,buffer,1413,530,1764,content_049,1,530,1764,4.1
user_019,2024-01-11 08:09:00,play,3412,1654,6441,content_032,1,1654,6441,2.6
user_024,2024-01-01 09:28:00,play,3248,2078,3666,content_014,1,2078,3666,1.5
user_012,2024-03-12 17:32:00,buffer,895,194,1002,content_056,1,194,1002,1.4
user_036,2024-03-17 10:55:00,error,848,96,2043,content_012,1,96,2043,2.7
user_050,2024-02-01 18:33:00,error,407,234,1101,content_011,1,234,1101,1.6
user_020,2024-01-19 02:10:00,buffer,950,377,2674,content_035,1,377,2674,2.2
user_005,2024-02-01 23:40:00,stop,1075,715,3600,content_047,1,715,3600,1.8
user_007,2024-01-01 12:21:00,stop,1783,956,5076,content_018,1,956,5076,4.4
user_029,2024-03-24 19:08:00,buffer,675,231,3145,content_043,1,231,3145,4.8
user_013,2024-01-23 12:20:00,stop,656,441,3502,content_062,1,441,3502,3.5
user_037,2024-02-18 08:52:00,stop,1669,970,3164,content_032,1,970,3164,1.5
user_037,2024-03-10 05:43:00,error,1632,1289,1742,content_026,1,1289,1742,4.8
user_030,2024-02-26 09:53:00,pause,1478,288,4832,content_091,1,288,4832,4.4
user_027,2024-01-18 20:19:00,buffer,555,184,3252,content_087,1,184,3252,1.6
user_028,2024-02-27 19:30:00,play,5069,3161,7257,content_049,1,3161,7257,3.0
user_045,2024-01-05 11:44:00,error,1723,1271,4155,content_054,1,1271,4155,3.6
user_006,2024-03-25 21:22:00,pause,400,62,2706,content_014,1,62,2706,4.9
user_044,2024-02-12 13:06:00,buffer,81,14,1140,content_083,1,14,1140,1.9
user_048,2024-03-15 22:36:00,error,512,279,2044,content_067,1,279,2044,2.6
user_050,2024-03-29 16:09:00,error,766,101,2743,content_087,1,101,2743,1.4
user_027,2024-01-19 11:19:00,play,3110,2798,6322,content_011,1,2798,6322,1.8
user_031,2024-01-13 14:46:00,buffer,1486,1074,2792,content_045,1,1074,2792,1.3
user_003,2024-01-03 10:41:00,play,1195,1051,4472,content_091,1,1051,4472,1.7
user_048,2024-01-23 17:10:00,error,737,509,2629,content_032,1,509,2629,1.9
user_026,2024-01-24 20:42:00,pause,945,499,1064,content_081,1,499,1064,3.9
user_013,2024-02-24 12:00:00,error,1503,589,2345,content_058,1,589,2345,2.1
user_046,2024-01-14 17:11:00,error,809,413,1616,content_009,1,413,1616,2.8
user_017,2024-03-08 20:20:00,buffer,1282,525,3785,content_086,1,525,3785,2.6
user_008,2024-02-28 19:11:00,stop,1726,781,4242,content_045,1,781,4242,3.4
user_044,2024-01-16 07:19:00,stop,299,75,1828,content_018,1,75,1828,3.8
user_033,2024-03-17 04:36:00,buffer,845,517,1605,content_050,1,517,1605,2.9
user_035,2024-03-12 05:31:00,pause,651,136,1417,content_089,1,136,1417,2.3
user_029,2024-02-15 00:31:00,play,1418,624,4757,content_080,1,624,4757,2.5
user_036,2024-02-22 21:31:00,buffer,911,545,2912,content_065,1,545,2912,1.7
user_037,2024-02-07 01:17:00,pause,520,327,1702,content_004,1,327,1702,1.7
user_030,2024-03-11 16:07:00,buffer,1232,239,2329,content_073,1,239,2329,4.1
user_024,2024-02-26 17:13:00,play,3782,1553,6796,content_070,1,1553,6796,4.3
user_049,2024-01-05 14:16:00,stop,773,166,2571,content_032,1,166,2571,4.5
user_008,2024-01-27 23:37:00,pause,1471,865,4997,content_100,1,865,4997,3.8
user_041,2024-03-19 04:50:00,pause,483,153,3782,content_055,1,153,3782,1.2
user_023,2024-03-17 17:10:00,stop,722,573,3605,content_069,1,573,3605,2.2
user_037,2024-03-27 03:08:00,error,1596,1001,1838,content_035,1,1001,1838,5.0
user_042,2024-02-01 04:45:00,pause,719,495,1732,content_017,1,495,1732,4.0
user_044,2024-01-19 18:40:00,buffer,610,382,2306,content_051,1,382,2306,2.5
user_005,2024-02-21 16:47:00,play,2579,2195,6172,content_082,1,2195,6172,2.5
user_032,2024-01-01 23:05:00,error,1556,1093,4156,content_042,1,1093,4156,3.7
user_023,2024-02-20 06:27:00,error,1749,607,3775,content_009,1,607,3775,2.1
user_019,2024-03-14 04:36:00,error,1053,456,3848,content_044,1,456,3848,4.0
user_003,2024-01-03 03:59:00,buffer,383,263,2252,content_013,1,263,2252,1.0
user_028,2024-03-24 09:10:00,pause,621,109,3302,content_026,1,109,3302,2.4
user_006,2024-01-07 12:40:00,pause,685,439,3549,content_048,1,439,3549,4.0
user_028,2024-03-31 03:00:00,play,2048,1590,2367,content_084,1,1590,2367,1.5
user_015,2024-01-02 00:44:00,buffer,763,199,4286,content_067,1,199,4286,2.7
user_009,2024-01-30 12:05:00,play,6286,2724,6708,content_062,1,2724,6708,2.3
user_020,2024-01-18 20:43:00,buffer,352,52,2524,content_018,1,52,2524,3.3
user_040,2024-02-26 11:46:00,pause,496,370,3560,content_084,1,370,3560,1.6
user_027,2024-01-28 02:57:00,buffer,265,61,3347,content_079,1,61,3347,1.5
user_047,2024-02-24 10:50:00,stop,346,97,1480,content_050,1,97,1480,3.6
user_016,2024-03-17 23:38:00,error,643,462,3471,content_071,1,462,3471,1.1
user_043,2024-03-07 19:32:00,pause,446,244,1656,content_039,1,244,1656,3.6
user_016,2024-01-15 07:31:00,buffer,1366,744,1656,content_064,1,744,1656,3.1
user_001,2024-01-17 12:55:00,stop,1778,1341,3501,content_047,1,1341,3501,2.5
user_044,2024-01-10 00:37:00,buffer,198,22,1271,content_023,1,22,1271,1.9
user_004,2024-02-06 20:45:00,error,1086,533,2820,content_051,1,533,2820,3.8
user_006,2024-03-09 19:09:00,error,628,104,1897,content_082,1,104,1897,1.3
user_014,2024-02-11 12:37:00,error,1359,916,4777,content_020,1,916,4777,3.6
user_042,2024-03-30 13:46:00,stop,1793,667,2030,content_009,1,667,2030,2.0
user_028,2024-03-19 19:03:00,buffer,693,410,3730,content_015,1,410,3730,3.6
user_012,2024-03-31 04:44:00,play,392,200,2425,content_016,1,200,2425,4.8
user_034,2024-01-22 11:08:00,stop,1595,709,4597,content_067,1,709,4597,4.5
user_050,2024-02-24 08:33:00,stop,190,86,3107,content_004,1,86,3107,4.9
user_041,2024-02-28 16:23:00,buffer,173,80,3692,content_010,1,80,3692,3.3
user_024,2024-01-14 18:43:00,stop,1540,390,2475,content_021,1,390,2475,4.0
user_001,2024-02-01 01:30:00,play,3281,2552,3895,content_006,1,2552,3895,1.7
user_003,2024-01-29 10:15:00,buffer,912,418,2023,content_071,1,418,2023,4.3
user_037,2024-03-05 21:57:00,play,731,402,1645,content_048,1,402,1645,4.2
user_003,2024-02-29 09:49:00,play,2845,1523,3198,content_052,1,1523,3198,3.2
user_001,2024-02-07 18:50:00,pause,682,446,3232,content_048,1,446,3232,2.0
user_024,2024-01-26 23:57:00,buffer,1179,895,4439,content_076,1,895,4439,2.0
user_001,2024-01-30 17:22:00,play,5509,5090,8349,content_053,1,5090,8349,4.5
user_022,2024-02-09 03:13:00,buffer,1145,357,2864,content_001,1,357,2864,3.0
user_004,2024-01-12 01:58:00,stop,534,319,2225,content_019,1,319,2225,3.8
user_024,2024-03-15 03:32:00,play,1393,1069,4751,content_059,1,1069,4751,2.6
user_038,2024-02-25 21:08:00,play,2239,1268,3308,content_073,1,1268,3308,4.4
user_026,2024-02-10 14:17:00,stop,538,91,1368,content_090,1,91,1368,1.5
user_050,2024-01-20 03:10:00,play,3982,3102,5268,content_075,1,3102,5268,2.6
user_035,2024-02-27 09:29:00,pause,602,121,972,content_046,1,121,972,1.6
user_044,2024-01-06 06:53:00,error,731,224,1104,content_039,1,224,1104,3.8
user_023,2024-01-07 21:19:00,error,592,148,719,content_051,1,148,719,4.8
user_029,2024-02-01 03:29:00,error,268,61,765,content_072,1,61,765,1.0
user_050,2024-01-26 12:23:00,pause,1465,318,3850,content_029,1,318,3850,3.3
user_005,2024-01-26 20:28:00,play,6929,3133,7305,content_003,1,3133,7305,4.6
user_022,2024-02-29 01:10:00,play,5001,3274,8366,content_016,1,3274,8366,3.9
user_032,2024-03-28 13:11:00,buffer,784,297,1550,content_004,1,297,1550,2.1
user_029,2024-03-19 19:39:00,play,2313,2018,3521,content_020,1,2018,3521,3.0
user_036,2024-01-12 08:24:00,play,1424,856,2240,content_062,1,856,2240,3.6
user_034,2024-01-03 12:50:00,error,1520,887,3484,content_032,1,887,3484,3.2
user_032,2024-03-05 10:24:00,error,613,153,719,content_045,1,153,719,2.3
user_015,2024-01-08 15:33:00,stop,792,317,1445,content_004,1,317,1445,1.4
user_043,2024-03-09 23:03:00,stop,1624,611,3982,content_031,1,611,3982,4.4
user_025,2024-01-23 07:37:00,pause,711,483,3734,content_046,1,483,3734,3.8
user_038,2024-03-13 18:09:00,stop,1213,313,4640,content_004,1,313,4640,5.0
user_032,2024-01-23 15:02:00,stop,244,38,1196,content_070,1,38,1196,3.4
user_002,2024-01-01 10:58:00,buffer,1317,337,4620,content_068,1,337,4620,1.5
user_046,2024-01-08 00:09:00,stop,1261,847,1841,content_023,1,847,1841,4.1
user_034,2024-02-17 22:42:00,play,3540,3462,3953,content_047,1,3462,3953,2.3
user_021,2024-02-25 20:31:00,pause,1389,462,2102,content_018,1,462,2102,3.8
user_036,2024-02-15 07:42:00,error,1266,960,1984,content_089,1,960,1984,2.5
user_047,2024-01-17 05:46:00,stop,63,50,2409,content_089,1,50,2409,2.6
user_050,2024-01-24 19:20:00,play,6925,3886,9544,content_073,1,3886,9544,3.3
user_032,2024-01-10 07:22:00,stop,714,156,3319,content_019,1,156,3319,4.5
user_006,2024-02-27 00:16:00,stop,489,175,3328,content_091,1,175,3328,1.3
user_017,2024-01-07 12:28:00,play,6301,5327,6982,content_014,1,5327,6982,4.5
user_032,2024-03-10 12:06:00,stop,1757,1156,4987,content_049,1,1156,4987,4.5
user_042,2024-01-21 14:04:00,pause,1696,237,2903,content_098,1,237,2903,1.1
user_017,2024-02-13 05:56:00,play,3375,1671,6373,content_014,1,1671,6373,1.3
user_006,2024-03-19 15:45:00,error,123,67,2800,content_044,1,67,2800,1.7
user_028,2024-01-13 10:13:00,play,1856,1394,4711,content_021,1,1394,4711,3.2
user_047,2024-03-25 09:19:00,stop,546,103,749,content_070,1,103,749,2.6
user_036,2024-01-07 11:00:00,pause,935,182,2141,content_063,1,182,2141,4.3
user_041,2024-01-26 03:01:00,buffer,483,135,3097,content_077,1,135,3097,2.2
user_006,2024-02-09 12:30:00,play,4306,3998,5391,content_061,1,3998,5391,1.4
user_035,2024-02-17 12:23:00,pause,442,272,624,content_050,1,272,624,2.1
user_030,2024-02-04 18:03:00,pause,369,85,720,content_034,1,85,720,3.7
user_035,2024-01-30 17:03:00,error,1781,970,5133,content_053,1,970,5133,3.1
user_035,2024-03-14 07:30:00,buffer,672,107,2289,content_088,1,107,2289,4.6
user_046,2024-03-14 16:51:00,error,1230,816,3770,content_005,1,816,3770,1.6
user_049,2024-01-22 06:51:00,pause,454,109,628,content_058,1,109,628,2.7
user_044,2024-03-21 04:53:00,pause,1278,391,2587,content_056,1,391,2587,4.6
user_005,2024-03-12 12:35:00,buffer,727,510,1858,content_012,1,510,1858,3.1
user_001,2024-03-16 16:50:00,error,919,206,2616,content_090,1,206,2616,1.6
user_037,2024-01-13 03:36:00,error,1656,371,4874,content_076,1,371,4874,2.1
user_035,2024-02-03 12:41:00,buffer,1054,690,3548,content_045,1,690,3548,2.9
user_012,2024-01-19 19:38:00,buffer,1454,855,3099,content_036,1,855,3099,1.2
user_022,2024-01-07 23:30:00,pause,610,251,692,content_089,1,251,692,2.4
user_020,2024-03-03 22:43:00,stop,261,84,811,content_040,1,84,811,2.2
user_048,2024-02-04 23:26:00,stop,1298,790,1663,content_057,1,790,1663,1.8
user_014,2024-03-07 11:52:00,buffer,175,82,3416,content_053,1,82,3416,1.6
user_020,2024-02-21 04:49:00,error,1133,695,1251,content_091,1,695,1251,1.7
user_013,2024-01-05 14:03:00,pause,798,282,1920,content_008,1,282,1920,2.5
user_030,2024-03-22 03:43:00,buffer,122,42,1647,content_065,1,42,1647,3.0
user_029,2024-03-16 17:22:00,buffer,765,243,4196,content_023,1,243,4196,4.6
user_048,2024-02-06 00:24:00,play,706,294,4203,content_089,1,294,4203,3.3
user_014,2024-03-27 06:17:00,pause,1394,558,3496,content_029,1,558,3496,1.1
user_050,2024-03-01 04:41:00,play,1718,532,2634,content_099,1,532,2634,2.0
user_020,2024-02-24 12:54:00,stop,774,547,1806,content_092,1,547,1806,1.9
user_020,2024-03-20 12:37:00,error,269,27,2364,content_087,1,27,2364,5.0
user_024,2024-03-18 09:19:00,error,1461,256,3434,content_072,1,256,3434,1.3
user_018,2024-02-05 08:41:00,stop,1516,762,2287,content_082,1,762,2287,1.6
user_049,2024-03-17 12:42:00,play,2918,2269,3491,content_031,1,2269,3491,3.9
user_042,2024-02-03 13:25:00,stop,855,121,3243,content_064,1,121,3243,3.8
user_037,2024-01-29 21:34:00,stop,1367,939,3315,content_025,1,939,3315,4.6
user_043,2024-02-08 05:53:00,error,1406,1037,3692,content_046,1,1037,3692,1.7
user_007,2024-02-03 23:51:00,pause,1204,901,1953,content_061,1,901,1953,4.8
user_022,2024-01-29 11:14:00,play,6396,4433,8118,content_084,1,4433,8118,4.2
user_022,2024-03-15 09:29:00,stop,301,150,520,content_048,1,150,520,4.5
user_038,2024-01-10 15:56:00,error,458,301,948,content_075,1,301,948,4.5
user_025,2024-02-22 01:55:00,stop,368,106,1188,content_068,1,106,1188,2.4
user_037,2024-02-10 22:11:00,pause,1655,330,3652,content_059,1,330,3652,2.3
user_012,2024-01-01 14:17:00,play,2015,949,4375,content_041,1,949,4375,4.1
user_032,2024-01-17 19:27:00,play,5489,3404,7141,content_098,1,3404,7141,2.7
user_031,2024-01-05 17:12:00,play,6285,4941,6342,content_050,1,4941,6342,4.6
user_049,2024-01-03 21:00:00,pause,1343,885,2362,content_068,1,885,2362,1.9
user_023,2024-01-14 12:32:00,pause,1265,439,1949,content_040,1,439,1949,1.3
user_003,2024-02-28 23:33:00,stop,1281,664,2664,content_039,1,664,2664,2.7
user_044,2024-03-03 11:48:00,stop,445,128,3770,content_018,1,128,3770,2.6
user_015,2024-01-28 23:01:00,pause,1267,642,1959,content_029,1,642,1959,1.5
user_046,2024-02-18 20:16:00,play,6618,6365,9170,content_084,1,6365,9170,1.2
user_004,2024-03-24 00:03:00,play,5950,2733,7657,content_085,1,2733,7657,2.8
user_008,2024-03-01 22:09:00,stop,480,370,518,content_071,1,370,518,2.2
user_043,2024-02-04 19:38:00,error,1495,429,3210,content_013,1,429,3210,4.3
user_007,2024-01-16 09:07:00,error,1667,383,3705,content_066,1,383,3705,1.8
user_013,2024-03-07 06:22:00,stop,1500,989,2709,content_100,1,989,2709,1.6
user_036,2024-03-29 15:21:00,pause,540,55,592,content_064,1,55,592,3.7
user_008,2024-01-20 02:49:00,buffer,1107,186,4070,content_074,1,186,4070,3.9
user_017,2024-02-28 09:16:00,pause,1010,152,1418,content_083,1,152,1418,4.3
user_003,2024-03-27 10:27:00,stop,1572,394,1961,content_038,1,394,1961,4.4
user_003,2024-03-25 20:10:00,pause,733,439,2525,content_002,1,439,2525,4.8
user_018,2024-02-17 10:11:00,play,1232,779,2871,content_094,1,779,2871,4.8
user_018,2024-02-23 20:56:00,buffer,1692,510,2155,content_050,1,510,2155,1.5
user_047,2024-01-14 13:58:00,pause,1269,620,4555,content_008,1,620,4555,3.3
user_029,2024-02-18 11:39:00,error,119,27,2097,content_024,1,27,2097,4.7
user_008,2024-01-06 02:16:00,buffer,1401,461,1451,content_053,1,461,1451,3.8
user_044,2024-03-13 07:42:00,error,752,172,2524,content_068,1,172,2524,3.6
user_016,2024-03-25 21:41:00,stop,848,236,4284,content_062,1,236,4284,4.3
user_040,2024-03-23 05:32:00,play,4144,3273,7705,content_007,1,3273,7705,1.7
user_049,2024-01-31 10:17:00,stop,163,80,1075,content_063,1,80,1075,3.2
user_025,2024-01-11 14:28:00,pause,1700,1343,3535,content_052,1,1343,3535,1.4
user_032,2024-01-16 15:47:00,stop,1398,157,1818,content_058,1,157,1818,2.6
user_003,2024-01-01 02:50:00,error,1297,762,3908,content_072,1,762,3908,2.2
user_033,2024-03-24 21:29:00,pause,758,447,4138,content_072,1,447,4138,1.2
user_015,2024-03-12 19:38:00,stop,1028,774,2516,content_059,1,774,2516,3.9
user_008,2024-01-01 10:22:00,pause,1759,772,4002,content_013,1,772,4002,3.1
user_045,2024-01-22 15:08:00,play,7032,5461,7470,content_014,1,5461,7470,2.0
user_013,2024-02-20 06:29:00,play,7054,3677,9989,content_025,1,3677,9989,2.4
user_049,2024-03-22 21:37:00,play,1309,1182,3154,content_054,1,1182,3154,2.8
user_038,2024-03-04 00:33:00,pause,1567,255,3833,content_065,1,255,3833,4.7
user_038,2024-01-23 22:37:00,error,415,106,839,content_062,1,106,839,2.5
user_039,2024-03-05 12:26:00,stop,1307,839,4429,content_078,1,839,4429,2.0
user_026,2024-02-27 04:08:00,stop,905,706,3772,content_044,1,706,3772,4.5
user_033,2024-02-10 22:47:00,error,1193,766,2083,content_039,1,766,2083,1.8
user_040,2024-03-28 11:58:00,stop,1437,278,4346,content_092,1,278,4346,3.6
user_012,2024-03-29 20:20:00,error,1514,387,4630,content_065,1,387,4630,2.4
user_031,2024-03-26 22:26:00,error,1440,909,4886,content_075,1,909,4886,3.1
user_028,2024-01-14 00:24:00,error,357,48,3102,content_002,1,48,3102,1.2
user_018,2024-02-06 21:16:00,pause,359,249,613,content_097,1,249,613,3.8
user_019,2024-01-05 11:52:00,error,986,202,3509,content_027,1,202,3509,4.5
user_048,2024-03-23 17:24:00,pause,546,315,3758,content_072,1,315,3758,4.2
user_045,2024-02-18 12:26:00,play,6756,4587,9017,content_037,1,4587,9017,1.2
user_048,2024-03-20 14:53:00,pause,521,376,3407,content_033,1,376,3407,3.8
user_024,2024-03-10 23:38:00,error,462,145,1666,content_097,1,145,1666,2.8
user_044,2024-01-23 23:32:00,pause,304,126,470,content_010,1,126,470,2.7
user_036,2024-01-21 18:54:00,pause,582,60,1935,content_034,1,60,1935,2.9
user_010,2024-02-11 19:03:00,pause,1644,780,3653,content_006,1,780,3653,4.2
user_036,2024-03-31 10:33:00,play,2101,1006,4233,content_046,1,1006,4233,1.3
user_033,2024-03-10 17:25:00,buffer,248,113,1154,content_021,1,113,1154,4.5
user_043,2024-02-16 09:13:00,stop,1601,1246,3546,content_043,1,1246,3546,5.0
user_049,2024-01-15 21:22:00,play,3950,2169,6580,content_084,1,2169,6580,3.5
user_040,2024-03-28 10:24:00,play,6822,2974,8402,content_032,1,2974,8402,2.0
user_047,2024-03-07 11:32:00,play,6876,6229,8701,content_037,1,6229,8701,2.9
user_019,2024-02-11 16:05:00,pause,256,67,3423,content_084,1,67,3423,3.2
user_001,2024-01-27 21:40:00,play,6637,3737,10179,content_081,1,3737,10179,3.7
user_007,2024-03-30 23:49:00,error,951,757,4296,content_027,1,757,4296,4.8
user_048,2024-01-04 14:45:00,pause,739,111,1097,content_088,1,111,1097,1.3
user_012,2024-01-10 18:52:00,error,526,184,2195,content_033,1,184,2195,2.6
user_041,2024-02-10 00:24:00,buffer,1438,264,3628,content_052,1,264,3628,1.0
user_047,2024-03-15 01:44:00,play,894,634,2953,content_080,1,634,2953,1.4
user_044,2024-01-12 09:48:00,error,956,485,2574,content_039,1,485,2574,4.3
user_002,2024-03-09 07:08:00,pause,1589,958,4852,content_061,1,958,4852,4.2
user_035,2024-02-08 21:56:00,pause,1688,932,1733,content_038,1,932,1733,3.2
user_036,2024-01-06 00:36:00,play,5187,3170,7387,content_019,1,3170,7387,3.2
user_006,2024-02-14 06:26:00,pause,1382,1009,3481,content_040,1,1009,3481,1.6
user_012,2024-02-02 06:07:00,error,431,333,3921,content_029,1,333,3921,1.2
user_049,2024-03-23 17:04:00,buffer,655,408,930,content_071,1,408,930,2.0
user_013,2024-03-03 10:22:00,error,322,203,3006,content_093,1,203,3006,1.9
user_019,2024-01-25 10:31:00,play,3991,2541,6515,content_080,1,2541,6515,3.6
user_045,2024-03-13 18:23:00,pause,1714,818,3468,content_075,1,818,3468,1.7
user_021,2024-03-23 13:17:00,pause,1780,914,2330,content_032,1,914,2330,3.7
user_022,2024-02-27 11:49:00,buffer,685,317,2944,content_062,1,317,2944,1.4
user_042,2024-02-05 04:57:00,play,4712,2217,5790,content_078,1,2217,5790,3.9
user_041,2024-01-03 16:40:00,play,555,463,2926,content_010,1,463,2926,2.6
user_038,2024-03-11 08:34:00,play,4721,3349,7399,content_028,1,3349,7399,4.1
user_024,2024-03-16 23:54:00,pause,655,133,2558,content_051,1,133,2558,3.0
user_006,2024-03-05 00:42:00,stop,549,368,3351,content_051,1,368,3351,1.7
user_033,2024-01-21 05:36:00,buffer,1218,796,4790,content_018,1,796,4790,4.9
user_048,2024-02-15 01:14:00,buffer,1619,1159,2568,content_094,1,1159,2568,1.3
user_024,2024-03-26 06:33:00,play,6783,4993,8372,content_030,1,4993,8372,2.9
user_030,2024-03-24 10:06:00,play,6065,4059,9484,content_006,1,4059,9484,4.0
user_038,2024-01-23 12:41:00,error,835,457,3242,content_070,1,457,3242,3.6
user_005,2024-02-18 07:33:00,stop,891,450,4238,content_067,1,450,4238,4.5
user_032,2024-01-01 16:56:00,error,344,146,1022,content_062,1,146,1022,1.9
user_033,2024-01-28 04:11:00,stop,382,223,2847,content_083,1,223,2847,3.9
user_008,2024-02-23 10:46:00,pause,292,152,3057,content_085,1,152,3057,2.9
user_014,2024-03-23 13:01:00,pause,559,77,1082,content_076,1,77,1082,3.3
user_011,2024-01-06 18:09:00,error,174,38,1231,content_018,1,38,1231,4.7
user_034,2024-03-13 20:01:00,error,1533,733,1884,content_052,1,733,1884,1.9
user_039,2024-01-22 07:53:00,buffer,901,705,1485,content_061,1,705,1485,4.2
user_050,2024-03-25 16:16:00,error,403,215,2260,content_024,1,215,2260,3.4
user_005,2024-02-19 04:06:00,buffer,93,34,2234,content_030,1,34,2234,4.4
user_033,2024-01-20 19:06:00,buffer,423,285,2941,content_088,1,285,2941,3.4
user_035,2024-01-12 15:42:00,play,1367,1333,3838,content_065,1,1333,3838,3.2
user_001,2024-03-07 13:23:00,buffer,148,103,2318,content_100,1,103,2318,2.7
user_031,2024-02-14 18:51:00,buffer,1578,357,3320,content_099,1,357,3320,1.5
user_031,2024-01-11 09:38:00,pause,1173,535,2228,content_099,1,535,2228,1.8
user_046,2024-03-14 16:07:00,play,4557,1396,6093,content_096,1,1396,6093,3.6
user_045,2024-02-16 03:09:00,buffer,932,692,1970,content_041,1,692,1970,2.0
user_035,2024-02-16 19:17:00,error,1453,551,4545,content_055,1,551,4545,1.8
user_036,2024-01-23 11:35:00,buffer,1196,614,2235,content_072,1,614,2235,5.0
user_037,2024-01-18 21:07:00,buffer,1591,629,3420,content_045,1,629,3420,4.1
user_011,2024-03-06 12:50:00,pause,753,128,1411,content_013,1,128,1411,2.6
user_041,2024-01-19 15:59:00,play,5217,3348,5578,content_001,1,3348,5578,1.3
user_015,2024-03-18 01:46:00,play,3448,2675,5962,content_048,1,2675,5962,3.6
user_019,2024-01-08 05:40:00,error,1072,556,1115,content_092,1,556,1115,1.8
user_043,2024-01-25 01:50:00,stop,1287,650,3399,content_067,1,650,3399,3.8
user_040,2024-02-16 07:41:00,play,302,130,657,content_022,1,130,657,5.0
user_050,2024-03-26 12:25:00,stop,1260,331,3380,content_052,1,331,3380,1.1
user_046,2024-03-11 09:46:00,play,7097,6709,9484,content_009,1,6709,9484,2.4
user_018,2024-01-25 14:59:00,error,887,676,906,content_029,1,676,906,2.0
user_027,2024-03-12 02:32:00,play,2710,1509,3189,content_065,1,1509,3189,4.2
user_017,2024-02-02 22:28:00,error,832,659,2812,content_069,1,659,2812,4.1
user_049,2024-03-28 14:57:00,buffer,1261,1008,1373,content_044,1,1008,1373,2.9
user_017,2024-03-22 07:43:00,buffer,1496,619,4773,content_009,1,619,4773,2.3
user_023,2024-01-02 22:53:00,error,599,186,1775,content_067,1,186,1775,1.4
user_044,2024-01-10 17:59:00,stop,425,285,1710,content_096,1,285,1710,2.4
user_037,2024-03-28 06:31:00,pause,1569,564,2530,content_035,1,564,2530,3.9
user_017,2024-01-26 07:53:00,pause,1326,496,1964,content_027,1,496,1964,4.1
user_008,2024-03-19 00:48:00,buffer,1168,159,4641,content_011,1,159,4641,2.9
user_040,2024-03-14 08:31:00,buffer,434,304,1581,content_041,1,304,1581,2.6
user_049,2024-01-07 16:51:00,pause,926,581,3140,content_074,1,581,3140,1.1
user_023,2024-02-28 03:44:00,pause,1121,583,2413,content_051,1,583,2413,3.8
user_001,2024-02-18 18:06:00,pause,726,257,3235,content_087,1,257,3235,4.4
user_012,2024-01-31 08:30:00,stop,1315,482,2813,content_071,1,482,2813,1.7
user_028,2024-03-30 11:23:00,buffer,880,374,2726,content_027,1,374,2726,1.7
user_009,2024-01-13 23:17:00,pause,1706,652,3980,content_074,1,652,3980,2.7
user_025,2024-01-20 15:51:00,pause,79,18,1805,content_026,1,18,1805,3.0
user_041,2024-02-10 15:19:00,error,573,344,4089,content_067,1,344,4089,3.3
user_026,2024-01-08 06:52:00,pause,580,301,4016,content_013,1,301,4016,3.5
user_029,2024-02-03 11:23:00,stop,1207,690,4524,content_096,1,690,4524,2.0
user_002,2024-02-14 21:38:00,play,1929,1759,4287,content_053,1,1759,4287,3.6
user_035,2024-02-15 10:43:00,stop,1105,609,4278,content_023,1,609,4278,3.9
user_006,2024-02-06 14:40:00,error,356,257,1042,content_049,1,257,1042,3.6
user_022,2024-03-14 12:54:00,error,206,40,869,content_054,1,40,869,2.4
user_021,2024-03-31 08:38:00,stop,1380,542,2491,content_041,1,542,2491,4.6
user_050,2024-03-07 14:26:00,error,402,134,3900,content_047,1,134,3900,1.1
user_047,2024-03-30 23:05:00,stop,491,134,2117,content_031,1,134,2117,1.4
user_005,2024-01-07 00:49:00,error,873,623,4006,content_061,1,623,4006,5.0
user_007,2024-01-20 02:41:00,error,858,401,1797,content_034,1,401,1797,2.0
user_019,2024-01-17 16:53:00,pause,409,54,552,content_057,1,54,552,3.7
user_021,2024-03-10 08:35:00,buffer,971,235,3828,content_061,1,235,3828,3.2
user_038,2024-03-21 23:40:00,buffer,1215,566,3359,content_077,1,566,3359,3.6
user_035,2024-03-02 17:14:00,stop,1708,353,3517,content_040,1,353,3517,2.2
user_027,2024-02-08 00:00:00,pause,1131,889,4604,content_034,1,889,4604,1.5
user_019,2024-01-02 22:59:00,error,1067,594,2294,content_061,1,594,2294,1.0
user_028,2024-01-30 00:35:00,error,825,275,2511,content_038,1,275,2511,4.5
user_028,2024-01-21 22:47:00,pause,1382,537,4775,content_051,1,537,4775,2.5
user_017,2024-03-21 07:33:00,buffer,1625,718,2791,content_011,1,718,2791,3.6
user_035,2024-01-25 02:11:00,buffer,339,107,791,content_035,1,107,791,3.5
user_040,2024-03-30 19:31:00,stop,444,208,523,content_058,1,208,523,1.6
user_035,2024-01-14 09:17:00,pause,316,214,2111,content_003,1,214,2111,3.9
user_015,2024-01-02 15:13:00,pause,760,506,2036,content_012,1,506,2036,4.1
user_032,2024-03-30 01:21:00,buffer,224,59,453,content_048,1,59,453,2.1
user_026,2024-03-01 05:12:00,error,1783,690,5130,content_010,1,690,5130,2.5
user_001,2024-02-19 14:15:00,pause,1570,225,2385,content_016,1,225,2385,2.8
user_050,2024-03-26 06:30:00,error,856,404,2179,content_013,1,404,2179,1.6
user_047,2024-03-07 03:16:00,error,1045,757,2268,content_006,1,757,2268,1.8
user_004,2024-01-15 07:40:00,pause,949,426,1010,content_086,1,426,1010,1.7
user_018,2024-02-20 07:00:00,play,644,490,3853,content_075,1,490,3853,3.8
user_045,2024-02-17 02:15:00,pause,382,293,756,content_077,1,293,756,3.7
user_022,2024-01-08 11:41:00,play,1560,687,2075,content_098,1,687,2075,3.0
user_021,2024-02-26 23:12:00,stop,103,58,1570,content_072,1,58,1570,3.9
user_017,2024-03-31 14:35:00,buffer,663,343,3518,content_006,1,343,3518,3.0
user_037,2024-02-14 10:46:00,error,1019,382,4572,content_024,1,382,4572,4.3
user_036,2024-03-08 04:28:00,play,2722,2494,3800,content_021,1,2494,3800,3.2
user_030,2024-02-18 23:11:00,error,98,55,3276,content_001,1,55,3276,3.5
user_021,2024-03-25 17:52:00,play,3474,1819,5620,content_093,1,1819,5620,3.7
user_050,2024-03-19 09:20:00,pause,899,418,1351,content_071,1,418,1351,1.4
user_043,2024-01-17 05:55:00,play,556,269,994,content_009,1,269,994,2.9
user_007,2024-03-23 12:42:00,error,1063,644,3618,content_005,1,644,3618,3.8
user_017,2024-01-29 19:45:00,stop,205,23,1059,content_007,1,23,1059,3.6
user_006,2024-02-16 17:47:00,play,3707,2623,6960,content_060,1,2623,6960,3.8
user_040,2024-01-06 23:04:00,error,1768,798,2087,content_035,1,798,2087,4.8
user_034,2024-01-30 17:24:00,play,1852,950,4007,content_013,1,950,4007,3.6
user_037,2024-03-12 23:35:00,pause,910,199,4048,content_081,1,199,4048,3.6
user_023,2024-03-30 21:27:00,buffer,273,69,3518,content_087,1,69,3518,1.7
user_026,2024-03-25 05:34:00,stop,1288,581,2731,content_065,1,581,2731,4.6
user_036,2024-02-22 20:27:00,stop,1751,837,4243,content_042,1,837,4243,2.0
user_035,2024-03-11 23:16:00,buffer,797,542,2629,content_028,1,542,2629,4.8
user_001,2024-02-06 19:01:00,play,4540,1915,5776,content_093,1,1915,5776,1.0
user_015,2024-01-03 22:52:00,stop,625,345,2719,content_028,1,345,2719,3.2
user_037,2024-01-05 14:22:00,play,1578,756,2663,content_020,1,756,2663,2.5
user_038,2024-02-02 09:05:00,pause,1228,531,3558,content_032,1,531,3558,4.7
user_047,2024-03-02 05:31:00,stop,1751,1355,5107,content_010,1,1355,5107,4.6
user_039,2024-01-05 23:51:00,stop,1240,514,1561,content_083,1,514,1561,4.1
user_050,2024-02-25 13:59:00,stop,306,227,1234,content_043,1,227,1234,4.0
user_039,2024-01-07 09:33:00,buffer,144,54,2355,content_002,1,54,2355,3.3
user_021,2024-01-20 01:43:00,pause,1558,959,3383,content_065,1,959,3383,4.0
user_037,2024-01-29 13:18:00,play,6741,5252,7347,content_065,1,5252,7347,1.5
user_006,2024-01-07 17:25:00,error,597,102,2229,content_061,1,102,2229,3.0
user_050,2024-01-18 15:35:00,pause,465,295,2084,content_090,1,295,2084,3.6
user_013,2024-03-08 07:15:00,error,206,88,3387,content_072,1,88,3387,2.7
user_044,2024-01-15 21:26:00,play,3769,2626,5195,content_074,1,2626,5195,1.8
user_023,2024-02-09 05:22:00,play,5348,4969,8636,content_077,1,4969,8636,2.8
user_010,2024-01-30 06:43:00,play,3362,1646,6465,content_057,1,1646,6465,3.9
user_006,2024-02-01 19:59:00,play,1509,1041,1565,content_015,1,1041,1565,2.4
user_008,2024-03-01 00:21:00,buffer,488,323,1355,content_040,1,323,1355,1.8
user_034,2024-03-11 15:39:00,stop,1554,444,4401,content_097,1,444,4401,3.8
user_002,2024-03-25 16:02:00,error,583,145,829,content_049,1,145,829,2.1
user_045,2024-01-07 14:41:00,stop,77,11,1668,content_080,1,11,1668,3.6
user_043,2024-01-14 00:18:00,stop,1389,533,2335,content_085,1,533,2335,4.9
user_033,2024-02-10 15:55:00,play,5191,3734,5551,content_091,1,3734,5551,1.7
user_033,2024-01-03 01:15:00,error,1144,426,2510,content_059,1,426,2510,3.0
user_048,2024-02-14 21:22:00,play,3211,2201,4178,content_021,1,2201,4178,5.0
user_033,2024-03-21 08:56:00,play,3471,1161,5744,content_036,1,1161,5744,4.8
user_015,2024-02-20 21:08:00,stop,239,120,2371,content_020,1,120,2371,4.8
user_040,2024-02-23 07:36:00,pause,372,255,1651,content_081,1,255,1651,4.6
user_022,2024-01-17 06:41:00,error,343,182,2560,content_058,1,182,2560,3.7
user_013,2024-03-29 22:57:00,stop,1132,251,2893,content_018,1,251,2893,5.0
user_050,2024-01-21 10:04:00,error,1201,665,4147,content_019,1,665,4147,1.5
user_021,2024-02-10 13:26:00,play,2785,1742,5839,content_019,1,1742,5839,4.7
user_041,2024-01-20 06:06:00,stop,329,79,436,content_095,1,79,436,4.0
user_040,2024-03-18 18:39:00,stop,532,358,1483,content_079,1,358,1483,1.9
user_002,2024-03-29 15:08:00,play,4415,3800,6335,content_046,1,3800,6335,3.8
user_024,2024-03-03 15:08:00,buffer,395,137,1321,content_024,1,137,1321,1.1
user_049,2024-02-22 07:47:00,stop,1434,350,4537,content_002,1,350,4537,1.8
user_012,2024-03-03 22:20:00,error,997,351,2748,content_057,1,351,2748,2.6
user_003,2024-02-10 12:39:00,buffer,1580,1256,3731,content_078,1,1256,3731,3.6
user_046,2024-01-14 14:29:00,error,1753,261,5348,content_005,1,261,5348,5.0
user_034,2024-01-06 17:24:00,buffer,1117,756,1318,content_069,1,756,1318,1.8
user_029,2024-02-06 14:10:00,stop,925,393,3436,content_051,1,393,3436,4.7
user_045,2024-02-29 20:28:00,pause,245,152,708,content_067,1,152,708,1.7
user_038,2024-01-18 12:26:00,error,722,302,824,content_090,1,302,824,1.7
user_038,2024-02-28 02:16:00,pause,723,426,3379,content_092,1,426,3379,4.6
user_011,2024-01-12 03:45:00,play,3981,3791,5467,content_092,1,3791,5467,1.3
user_046,2024-03-19 05:24:00,error,1187,507,1366,content_050,1,507,1366,4.1
user_022,2024-01-21 04:11:00,pause,1635,268,3353,content_073,1,268,3353,2.2
user_047,2024-02-06 20:11:00,buffer,300,63,1130,content_099,1,63,1130,1.0
user_049,2024-02-28 15:54:00,play,4384,3541,7691,content_033,1,3541,7691,1.0
user_032,2024-03-16 21:30:00,pause,989,517,2798,content_031,1,517,2798,1.3
user_039,2024-03-11 08:39:00,pause,1347,704,4706,content_001,1,704,4706,4.3
user_004,2024-01-08 20:22:00,pause,135,31,3632,content_024,1,31,3632,1.1
user_037,2024-02-12 02:03:00,stop,283,134,1013,content_078,1,134,1013,1.6
user_019,2024-03-14 17:11:00,error,992,691,2467,content_079,1,691,2467,4.7
user_006,2024-02-11 11:57:00,stop,836,152,3942,content_099,1,152,3942,2.7
user_036,2024-03-01 04:07:00,stop,1482,710,2830,content_009,1,710,2830,3.1
user_034,2024-03-19 01:06:00,pause,1230,870,3806,content_027,1,870,3806,3.1
user_006,2024-03-31 09:27:00,error,1306,998,2602,content_062,1,998,2602,2.0
user_037,2024-01-17 19:36:00,stop,1076,639,4062,content_080,1,639,4062,3.5
user_032,2024-01-30 22:18:00,error,456,45,940,content_024,1,45,940,1.1
user_041,2024-03-19 13:26:00,pause,153,57,1585,content_016,1,57,1585,3.2
user_041,2024-03-22 06:44:00,play,2607,1303,5843,content_028,1,1303,5843,1.3
user_020,2024-02-11 00:07:00,error,1464,828,2862,content_065,1,828,2862,2.6
user_037,2024-01-23 06:21:00,play,7130,4907,9884,content_079,1,4907,9884,2.9
user_031,2024-03-02 04:40:00,pause,1003,649,2375,content_005,1,649,2375,2.8
user_027,2024-03-07 09:36:00,play,6238,4455,8512,content_096,1,4455,8512,3.1
user_014,2024-02-15 02:09:00,stop,634,493,761,content_074,1,493,761,2.4
user_025,2024-01-22 18:38:00,error,857,276,3294,content_081,1,276,3294,1.5
user_049,2024-03-31 01:17:00,stop,907,178,2942,content_040,1,178,2942,4.5
user_024,2024-01-28 16:19:00,stop,418,98,1950,content_058,1,98,1950,4.1
user_050,2024-02-26 16:01:00,play,6845,6006,8893,content_026,1,6006,8893,1.6
user_022,2024-02-09 10:09:00,error,1635,364,5002,content_062,1,364,5002,4.9
user_034,2024-01-27 23:02:00,pause,1000,496,3923,content_087,1,496,3923,4.5
user_008,2024-01-06 21:54:00,stop,1277,1019,1633,content_001,1,1019,1633,2.3
user_003,2024-03-25 23:19:00,error,106,83,3212,content_014,1,83,3212,2.2
user_014,2024-01-25 09:17:00,pause,1150,441,4315,content_042,1,441,4315,2.8
user_008,2024-01-21 08:07:00,pause,91,22,937,content_035,1,22,937,3.2
user_036,2024-01-19 22:51:00,stop,640,357,1642,content_041,1,357,1642,1.7
user_020,2024-03-10 14:03:00,stop,326,39,2254,content_079,1,39,2254,4.6
user_004,2024-01-07 02:27:00,buffer,862,269,3748,content_014,1,269,3748,3.4
user_038,2024-03-19 11:19:00,buffer,740,276,3660,content_081,1,276,3660,4.0
user_035,2024-03-13 04:05:00,buffer,1724,1131,2122,content_011,1,1131,2122,2.8
user_044,2024-03-01 07:14:00,buffer,354,255,2880,content_083,1,255,2880,2.0
user_024,2024-03-30 21:21:00,pause,1675,832,3531,content_051,1,832,3531,3.0
user_005,2024-02-14 15:29:00,play,1699,1087,4844,content_061,1,1087,4844,2.4
user_037,2024-01-14 12:52:00,error,1522,371,2856,content_017,1,371,2856,3.2
user_005,2024-02-29 12:37:00,error,906,334,3449,content_039,1,334,3449,2.0
user_011,2024-01-09 10:13:00,buffer,1726,1054,4938,content_062,1,1054,4938,4.9
user_037,2024-03-29 07:11:00,error,1417,826,1736,content_044,1,826,1736,4.0
user_046,2024-01-15 18:38:00,buffer,1008,433,3281,content_074,1,433,3281,1.4
user_029,2024-02-21 02:38:00,stop,282,203,3616,content_023,1,203,3616,3.4
user_025,2024-03-23 21:03:00,buffer,245,79,3591,content_042,1,79,3591,1.6
user_038,2024-01-19 21:09:00,play,4010,3379,5203,content_097,1,3379,5203,2.6
user_037,2024-01-27 21:56:00,pause,708,223,3043,content_058,1,223,3043,4.2
user_044,2024-02-14 02:37:00,buffer,76,46,2166,content_039,1,46,2166,2.6
user_009,2024-02-17 17:03:00,play,306,271,2599,content_038,1,271,2599,4.3
user_023,2024-01-04 07:27:00,stop,1498,956,4058,content_015,1,956,4058,2.3
user_025,2024-02-25 17:13:00,buffer,1416,318,3361,content_052,1,318,3361,1.6
user_036,2024-02-23 04:18:00,stop,1432,271,1982,content_050,1,271,1982,1.0
user_042,2024-03-03 21:27:00,pause,338,54,900,content_003,1,54,900,3.6
user_027,2024-02-24 19:11:00,error,990,620,2727,content_059,1,620,2727,3.2
user_029,2024-01-29 05:27:00,stop,1298,136,3665,content_050,1,136,3665,3.0
user_047,2024-02-04 13:59:00,error,1178,707,2681,content_031,1,707,2681,1.1
user_003,2024-03-31 11:07:00,buffer,1248,617,4076,content_073,1,617,4076,1.3
user_047,2024-02-05 14:33:00,error,220,155,2718,content_094,1,155,2718,1.4
user_031,2024-03-28 20:34:00,play,6838,6799,8117,content_081,1,6799,8117,3.5
user_022,2024-03-01 14:32:00,play,4143,3592,7148,content_069,1,3592,7148,2.3
user_023,2024-01-22 01:44:00,stop,1283,895,2528,content_038,1,895,2528,3.9
user_037,2024-03-21 15:37:00,play,1685,1678,1896,content_034,1,1678,1896,3.6
user_019,2024-01-04 09:31:00,error,228,54,2298,content_095,1,54,2298,1.3
user_018,2024-03-19 08:17:00,pause,586,65,3622,content_033,1,65,3622,1.4
user_012,2024-03-25 14:23:00,pause,1714,530,2784,content_076,1,530,2784,4.1
user_016,2024-03-08 01:21:00,pause,232,60,2671,content_063,1,60,2671,4.7
user_010,2024-02-19 07:42:00,buffer,961,748,1646,content_064,1,748,1646,1.8
user_047,2024-03-23 08:48:00,play,7013,3053,7228,content_045,1,3053,7228,1.7
user_026,2024-03-01 23:48:00,stop,1150,354,2705,content_061,1,354,2705,3.7
user_025,2024-01-19 16:55:00,stop,950,107,2132,content_061,1,107,2132,4.7
user_029,2024-03-08 21:02:00,stop,259,161,2869,content_049,1,161,2869,2.4
user_028,2024-02-12 08:17:00,stop,1703,371,2748,content_079,1,371,2748,3.6
user_026,2024-03-27 18:49:00,pause,459,311,1841,content_060,1,311,1841,3.7
user_012,2024-01-02 21:00:00,error,1763,315,1811,content_041,1,315,1811,2.6
user_034,2024-02-14 07:46:00,buffer,640,192,1430,content_014,1,192,1430,1.1
user_040,2024-03-17 21:57:00,play,7144,3919,9599,content_012,1,3919,9599,3.6
user_046,2024-03-18 04:24:00,play,5677,4831,8330,content_016,1,4831,8330,3.3
user_012,2024-02-02 09:29:00,pause,1412,1099,1722,content_015,1,1099,1722,3.6
user_018,2024-03-29 21:49:00,buffer,1637,825,2691,content_099,1,825,2691,1.6
user_005,2024-02-18 12:21:00,play,792,501,4121,content_036,1,501,4121,2.1
user_029,2024-01-26 19:25:00,buffer,425,293,869,content_009,1,293,869,1.6
user_050,2024-03-19 20:06:00,pause,964,361,1387,content_056,1,361,1387,1.1
user_005,2024-02-27 00:57:00,stop,1079,259,3753,content_074,1,259,3753,3.6
user_003,2024-02-04 04:44:00,buffer,735,473,3088,content_086,1,473,3088,1.0
user_046,2024-03-02 13:25:00,buffer,1788,321,4000,content_099,1,321,4000,1.9
user_025,2024-01-16 18:34:00,buffer,795,420,3587,content_089,1,420,3587,2.2
user_004,2024-02-16 17:54:00,play,3085,1254,6530,content_081,1,1254,6530,2.8
user_050,2024-01-23 17:02:00,pause,846,279,2070,content_038,1,279,2070,3.8
user_007,2024-03-03 02:56:00,stop,1355,583,4366,content_081,1,583,4366,1.8
user_003,2024-03-16 07:31:00,play,3484,1303,6731,content_025,1,1303,6731,3.2
user_020,2024-02-27 00:02:00,error,754,132,2137,content_064,1,132,2137,4.2
user_003,2024-01-28 20:42:00,play,4585,3252,7362,content_052,1,3252,7362,4.5
user_035,2024-01-30 02:02:00,error,1566,445,3568,content_020,1,445,3568,3.6
user_031,2024-02-01 22:41:00,play,1369,424,2074,content_080,1,424,2074,3.5
user_020,2024-03-19 05:53:00,buffer,1270,192,4619,content_013,1,192,4619,4.3
user_008,2024-03-19 07:04:00,error,1707,585,3452,content_064,1,585,3452,2.3
user_048,2024-02-11 03:43:00,buffer,1239,681,1801,content_087,1,681,1801,2.3
user_014,2024-03-16 05:21:00,play,817,368,1938,content_098,1,368,1938,1.6
user_027,2024-03-11 05:28:00,stop,558,352,724,content_022,1,352,724,1.5
user_041,2024-01-21 00:56:00,buffer,1057,187,1083,content_079,1,187,1083,1.0
user_006,2024-02-06 13:44:00,error,1713,1145,4548,content_091,1,1145,4548,1.5
user_010,2024-03-07 14:26:00,stop,549,143,3049,content_082,1,143,3049,3.8
user_039,2024-03-19 02:40:00,buffer,1752,791,3176,content_024,1,791,3176,2.7
user_036,2024-01-16 16:06:00,pause,1327,502,4860,content_031,1,502,4860,4.0
user_035,2024-02-29 20:42:00,pause,486,189,703,content_065,1,189,703,1.8
user_010,2024-03-04 05:10:00,buffer,1432,1087,1608,content_088,1,1087,1608,1.2
user_024,2024-02-25 08:21:00,pause,1323,956,4429,content_037,1,956,4429,2.8
user_007,2024-03-09 05:10:00,play,6734,2258,8720,content_095,1,2258,8720,3.1
user_005,2024-03-16 18:20:00,buffer,918,294,3978,content_031,1,294,3978,3.7
user_021,2024-02-11 07:06:00,play,2242,2182,3931,content_030,1,2182,3931,4.5
user_025,2024-03-01 18:31:00,play,745,669,1338,content_029,1,669,1338,1.9
user_040,2024-02-19 11:08:00,pause,997,297,3585,content_059,1,297,3585,2.4
user_018,2024-01-17 01:44:00,stop,1224,183,2373,content_026,1,183,2373,1.5
user_030,2024-01-22 10:14:00,buffer,664,375,1306,content_059,1,375,1306,4.2
user_041,2024-03-14 17:54:00,pause,530,97,2216,content_079,1,97,2216,4.4
user_032,2024-03-01 14:17:00,error,89,62,3104,content_028,1,62,3104,4.5
user_016,2024-03-15 07:57:00,buffer,1271,279,3620,content_042,1,279,3620,4.6
user_027,2024-03-01 23:49:00,play,4430,1466,6173,content_006,1,1466,6173,3.1
user_031,2024-02-27 15:15:00,play,980,865,4064,content_090,1,865,4064,1.0
user_047,2024-01-17 11:18:00,pause,549,385,920,content_053,1,385,920,1.1
user_043,2024-03-31 14:54:00,pause,1228,887,3618,content_040,1,887,3618,1.1
user_030,2024-03-31 12:11:00,pause,1677,925,4244,content_060,1,925,4244,2.9
user_041,2024-02-19 22:21:00,play,4649,1527,5863,content_001,1,1527,5863,2.7
user_018,2024-03-10 18:50:00,error,484,89,3025,content_090,1,89,3025,4.5
user_048,2024-03-27 11:56:00,error,165,30,1733,content_008,1,30,1733,2.5
user_040,2024-02-16 05:41:00,stop,1204,841,1478,content_006,1,841,1478,3.2
user_050,2024-02-12 07:34:00,pause,292,195,2251,content_027,1,195,2251,3.9
user_049,2024-01-29 10:22:00,pause,607,317,3393,content_075,1,317,3393,2.7
user_004,2024-02-14 14:31:00,stop,1086,647,4483,content_009,1,647,4483,1.5
user_046,2024-02-07 14:39:00,error,813,148,1584,content_069,1,148,1584,4.6
user_030,2024-02-20 05:18:00,play,930,390,1604,content_012,1,390,1604,2.1
user_045,2024-01-20 06:33:00,buffer,1344,157,2544,content_019,1,157,2544,2.7
user_044,2024-03-01 11:26:00,pause,969,756,1056,content_070,1,756,1056,2.2
user_005,2024-03-07 20:21:00,pause,903,682,2307,content_003,1,682,2307,3.6
user_021,2024-03-26 22:33:00,error,1784,1301,3607,content_063,1,1301,3607,2.8
user_037,2024-01-22 08:14:00,stop,1051,485,2231,content_017,1,485,2231,4.1
user_004,2024-02-06 14:10:00,stop,1326,296,4241,content_019,1,296,4241,3.1
user_012,2024-01-21 07:07:00,pause,144,54,2497,content_023,1,54,2497,1.5
user_017,2024-01-27 17:45:00,pause,131,98,1429,content_048,1,98,1429,4.9
user_010,2024-03-10 05:34:00,buffer,677,129,779,content_048,1,129,779,2.6
user_032,2024-02-28 10:09:00,pause,68,53,2305,content_099,1,53,2305,4.9
user_022,2024-03-01 09:48:00,stop,1234,805,1836,content_083,1,805,1836,4.2
user_047,2024-03-29 03:46:00,stop,1040,145,1611,content_057,1,145,1611,3.7
user_008,2024-02-21 19:53:00,play,2105,1544,3568,content_040,1,1544,3568,1.4
user_004,2024-03-15 16:14:00,pause,1660,735,2461,content_078,1,735,2461,1.1
user_035,2024-03-06 12:12:00,play,4317,2596,6787,content_058,1,2596,6787,3.4
user_004,2024-02-20 04:45:00,stop,935,471,2516,content_086,1,471,2516,2.5
user_019,2024-02-09 14:55:00,stop,1208,209,2091,content_045,1,209,2091,3.9
user_029,2024-02-26 09:10:00,buffer,1710,1039,4694,content_095,1,1039,4694,4.6
user_009,2024-01-12 04:13:00,error,681,311,4234,content_076,1,311,4234,3.1
user_022,2024-02-18 02:00:00,error,898,368,2595,content_009,1,368,2595,1.7
user_030,2024-01-18 06:11:00,error,1764,957,2949,content_091,1,957,2949,3.2
user_003,2024-02-08 15:35:00,error,1575,1106,2494,content_039,1,1106,2494,1.1
user_001,2024-02-08 20:53:00,stop,1363,619,1871,content_020,1,619,1871,3.6
user_019,2024-03-03 22:41:00,pause,561,70,1049,content_054,1,70,1049,4.1
user_032,2024-02-16 18:30:00,error,1218,567,4774,content_009,1,567,4774,2.0
user_044,2024-02-17 16:46:00,play,5012,1574,8474,content_061,1,1574,8474,2.0
user_038,2024-02-10 14:56:00,pause,1479,424,2942,content_008,1,424,2942,1.7
user_018,2024-03-22 11:03:00,buffer,653,214,2822,content_047,1,214,2822,3.6
user_005,2024-03-21 05:48:00,pause,253,178,3335,content_066,1,178,3335,1.7
user_021,2024-02-04 21:44:00,stop,1469,888,1861,content_041,1,888,1861,3.1
user_023,2024-01-18 16:18:00,play,3355,2992,5042,content_019,1,2992,5042,2.4
user_011,2024-01-20 16:14:00,pause,1763,561,5019,content_014,1,561,5019,4.6
user_040,2024-03-09 22:35:00,error,1498,382,3207,content_089,1,382,3207,2.8
user_005,2024-01-03 15:22:00,pause,698,422,2183,content_015,1,422,2183,1.6
user_029,2024-02-13 05:45:00,error,683,82,3732,content_077,1,82,3732,4.3
user_015,2024-03-29 07:19:00,pause,316,84,849,content_017,1,84,849,4.9
user_028,2024-01-10 00:49:00,play,4267,3046,4441,content_089,1,3046,4441,1.8
user_003,2024-03-16 01:30:00,error,303,94,480,content_085,1,94,480,1.3
user_043,2024-01-16 19:13:00,play,5113,2352,5869,content_002,1,2352,5869,3.7
user_002,2024-02-05 18:22:00,pause,781,242,4283,content_012,1,242,4283,3.0
user_047,2024-03-05 18:04:00,pause,262,174,3388,content_079,1,174,3388,1.1
user_014,2024-02-06 05:57:00,pause,1604,1260,1621,content_092,1,1260,1621,4.9
user_007,2024-03-31 15:23:00,error,1489,527,3289,content_028,1,527,3289,3.7
user_007,2024-02-18 13:13:00,stop,1113,344,2782,content_024,1,344,2782,1.5
user_021,2024-01-15 16:08:00,buffer,1075,476,3961,content_016,1,476,3961,2.2
user_047,2024-02-11 15:07:00,play,3452,2196,5323,content_006,1,2196,5323,3.4
user_020,2024-01-29 17:26:00,buffer,655,502,2407,content_088,1,502,2407,1.8
user_005,2024-01-23 00:43:00,stop,1066,794,1496,content_061,1,794,1496,2.6
user_034,2024-01-16 04:25:00,play,3581,3492,3997,content_085,1,3492,3997,4.0
user_011,2024-01-26 10:12:00,stop,1278,991,2933,content_009,1,991,2933,1.5
user_028,2024-02-05 22:49:00,buffer,1251,732,2369,content_093,1,732,2369,4.0
user_042,2024-03-01 21:38:00,stop,888,584,2982,content_052,1,584,2982,2.1
user_050,2024-01-16 08:31:00,play,4373,2256,6946,content_059,1,2256,6946,4.8
user_002,2024-01-09 15:43:00,play,519,246,2086,content_013,1,246,2086,3.4
user_021,2024-03-20 19:06:00,stop,1616,317,4323,content_020,1,317,4323,4.0
user_050,2024-01-26 09:42:00,buffer,1079,609,3146,content_064,1,609,3146,2.0
user_022,2024-01-03 01:27:00,error,303,128,2146,content_070,1,128,2146,2.3
user_025,2024-01-05 01:11:00,buffer,1200,795,4724,content_057,1,795,4724,4.1
user_046,2024-02-25 04:19:00,buffer,1525,948,3521,content_022,1,948,3521,4.1
user_037,2024-03-25 17:43:00,buffer,1164,701,3088,content_087,1,701,3088,2.9
user_011,2024-02-20 08:31:00,play,5141,3089,7667,content_065,1,3089,7667,3.7
user_050,2024-01-08 00:37:00,stop,152,31,3580,content_037,1,31,3580,2.5
user_048,2024-03-21 10:24:00,play,1097,767,2510,content_075,1,767,2510,5.0
user_027,2024-03-25 07:15:00,play,2222,1993,3500,content_045,1,1993,3500,3.4
user_045,2024-01-15 10:10:00,stop,100,78,1435,content_009,1,78,1435,1.1
user_043,2024-03-06 13:17:00,error,101,70,2509,content_055,1,70,2509,1.1
user_021,2024-02-19 10:36:00,error,260,151,669,content_049,1,151,669,3.8
user_014,2024-03-05 21:21:00,buffer,401,193,1889,content_044,1,193,1889,4.9
user_013,2024-03-09 06:18:00,play,2472,838,3689,content_064,1,838,3689,5.0
user_026,2024-01-12 22:54:00,error,1244,221,3668,content_029,1,221,3668,2.3
user_005,2024-03-01 13:13:00,error,771,155,3439,content_073,1,155,3439,4.3
user_033,2024-03-25 17:20:00,buffer,469,258,2116,content_039,1,258,2116,2.0
user_033,2024-01-24 00:40:00,error,1500,532,3862,content_059,1,532,3862,3.0
user_043,2024-02-04 20:34:00,buffer,1716,1059,4034,content_096,1,1059,4034,3.9
user_004,2024-02-16 14:09:00,pause,552,132,3609,content_067,1,132,3609,3.7
user_020,2024-02-10 02:40:00,buffer,476,258,1569,content_056,1,258,1569,4.3
user_042,2024-03-28 19:15:00,stop,891,333,1356,content_021,1,333,1356,1.6
user_002,2024-02-29 15:35:00,stop,953,527,3602,content_032,1,527,3602,4.6
user_013,2024-01-18 00:16:00,stop,1677,735,4374,content_021,1,735,4374,3.2
user_042,2024-01-03 01:55:00,buffer,231,103,2695,content_006,1,103,2695,2.2
user_005,2024-03-26 21:56:00,stop,244,125,3683,content_053,1,125,3683,3.9
user_009,2024-03-14 23:32:00,play,1288,920,4008,content_031,1,920,4008,4.3
user_050,2024-03-04 02:15:00,stop,1288,253,4454,content_068,1,253,4454,4.2
user_022,2024-01-31 13:13:00,buffer,355,62,1072,content_075,1,62,1072,1.9
user_018,2024-02-02 18:03:00,buffer,1064,652,2598,content_057,1,652,2598,3.8
user_008,2024-02-24 15:43:00,error,564,198,3776,content_041,1,198,3776,4.7
user_024,2024-02-09 00:41:00,stop,1300,165,4746,content_061,1,165,4746,4.0
user_004,2024-02-02 17:24:00,pause,693,396,3562,content_089,1,396,3562,2.5
user_044,2024-01-31 14:24:00,error,76,32,1122,content_016,1,32,1122,2.2
user_049,2024-01-27 05:58:00,stop,958,741,2257,content_031,1,741,2257,4.5
user_050,2024-01-05 08:55:00,buffer,224,147,2153,content_083,1,147,2153,3.9
user_022,2024-01-13 05:44:00,buffer,594,318,865,content_092,1,318,865,2.4
user_039,2024-02-11 14:44:00,error,116,17,2743,content_094,1,17,2743,3.6
user_041,2024-01-01 12:12:00,pause,1346,446,2631,content_057,1,446,2631,3.3
user_008,2024-03-07 22:49:00,pause,1761,442,5230,content_021,1,442,5230,3.4
user_027,2024-03-02 23:08:00,buffer,593,147,3408,content_041,1,147,3408,3.4
user_021,2024-01-11 13:23:00,pause,432,244,4021,content_037,1,244,4021,2.5
user_037,2024-01-03 17:41:00,play,5313,4159,6249,content_029,1,4159,6249,4.6
user_030,2024-03-30 05:03:00,stop,881,527,3340,content_026,1,527,3340,2.0
user_006,2024-03-13 03:00:00,pause,1531,1044,4698,content_048,1,1044,4698,4.7
user_030,2024-01-16 07:45:00,buffer,476,144,4006,content_087,1,144,4006,4.3
user_018,2024-02-18 04:27:00,buffer,483,355,1365,content_037,1,355,1365,5.0
user_019,2024-02-23 05:26:00,pause,1682,466,1799,content_094,1,466,1799,2.2
user_017,2024-02-27 07:23:00,error,1253,825,3904,content_031,1,825,3904,2.8
user_001,2024-02-11 22:25:00,pause,1466,580,4387,content_061,1,580,4387,2.5
user_028,2024-02-02 02:06:00,error,1200,180,1413,content_095,1,180,1413,2.3
user_016,2024-03-18 21:51:00,stop,1285,854,4349,content_061,1,854,4349,4.2
user_001,2024-03-20 12:19:00,error,868,465,1409,content_033,1,465,1409,4.9
user_036,2024-01-23 08:10:00,error,1091,613,2480,content_006,1,613,2480,4.5
user_009,2024-03-31 16:27:00,stop,350,101,828,content_012,1,101,828,2.3
user_009,2024-02-16 13:18:00,stop,599,372,3996,content_064,1,372,3996,4.0
user_017,2024-02-25 05:20:00,stop,1569,1162,4697,content_067,1,1162,4697,4.8
user_036,2024-01-07 06:09:00,buffer,171,46,921,content_085,1,46,921,1.1
user_017,2024-02-25 03:57:00,buffer,1073,148,2881,content_021,1,148,2881,2.4
user_046,2024-02-28 15:07:00,buffer,1792,482,2298,content_072,1,482,2298,2.4
user_014,2024-01-22 23:32:00,pause,1744,732,4051,content_037,1,732,4051,4.6
user_038,2024-01-01 16:49:00,error,1228,306,2933,content_028,1,306,2933,4.7
user_016,2024-03-27 03:56:00,buffer,733,99,1897,content_099,1,99,1897,3.7
user_044,2024-02-17 18:59:00,buffer,277,109,906,content_016,1,109,906,1.1
user_030,2024-02-28 20:17:00,buffer,1276,800,1299,content_091,1,800,1299,2.3
user_003,2024-02-27 10:46:00,error,1563,420,2428,content_084,1,420,2428,4.5
user_042,2024-01-08 23:04:00,stop,1180,734,2742,content_037,1,734,2742,1.4
user_017,2024-02-21 02:01:00,pause,486,131,2077,content_023,1,131,2077,4.1
user_019,2024-01-16 09:31:00,pause,1700,1055,4714,content_083,1,1055,4714,4.2
user_020,2024-01-17 11:42:00,error,256,119,2355,content_088,1,119,2355,1.8
user_029,2024-02-04 18:38:00,buffer,926,184,4024,content_050,1,184,4024,2.7
user_024,2024-02-25 20:27:00,pause,250,35,2352,content_079,1,35,2352,2.4
user_030,2024-03-23 21:45:00,pause,377,290,2536,content_087,1,290,2536,3.5
user_034,2024-02-29 13:05:00,stop,1701,1148,2931,content_011,1,1148,2931,1.6
user_009,2024-02-01 16:27:00,stop,665,357,860,content_088,1,357,860,3.2
user_003,2024-03-06 13:26:00,play,1074,797,3780,content_066,1,797,3780,3.9
user_017,2024-03-15 02:49:00,stop,1091,125,1557,content_046,1,125,1557,4.0
user_030,2024-02-20 01:05:00,pause,912,395,2197,content_023,1,395,2197,3.3
user_030,2024-03-20 08:21:00,buffer,1718,554,2582,content_097,1,554,2582,1.7
user_048,2024-03-27 03:27:00,stop,1154,133,1177,content_078,1,133,1177,2.6
user_001,2024-02-28 22:25:00,buffer,1407,902,3872,content_022,1,902,3872,3.9
user_020,2024-02-16 22:43:00,error,1473,955,4768,content_080,1,955,4768,2.2
user_009,2024-01-25 03:52:00,play,430,225,3948,content_018,1,225,3948,1.1
user_031,2024-03-24 07:27:00,pause,1784,1281,2565,content_084,1,1281,2565,1.3
user_050,2024-03-01 13:01:00,pause,298,71,922,content_060,1,71,922,4.0
user_029,2024-01-03 14:37:00,buffer,556,158,1763,content_063,1,158,1763,3.3
user_026,2024-01-02 03:40:00,stop,1795,1063,3497,content_007,1,1063,3497,4.4
user_048,2024-03-11 09:02:00,error,1058,514,3049,content_075,1,514,3049,3.1
user_047,2024-01-30 22:03:00,buffer,1141,133,2869,content_079,1,133,2869,3.3
user_036,2024-03-23 13:56:00,stop,1029,221,3055,content_009,1,221,3055,3.5
user_042,2024-03-30 13:01:00,buffer,390,186,3364,content_045,1,186,3364,1.8
user_023,2024-03-05 07:37:00,pause,1462,840,3928,content_057,1,840,3928,4.4
user_046,2024-01-17 09:46:00,buffer,1516,950,3223,content_085,1,950,3223,4.3
user_044,2024-03-01 05:39:00,stop,484,192,3313,content_084,1,192,3313,4.0
user_043,2024-01-23 06:10:00,pause,1300,633,1713,content_062,1,633,1713,4.2
user_032,2024-01-27 17:03:00,pause,97,54,1165,content_039,1,54,1165,2.4
user_011,2024-01-05 02:21:00,error,941,210,3470,content_023,1,210,3470,1.9
